name_venue;id_venue
meltdownattack.com;id_meltdownattack.com
GTE Laboratories Incorporated;id_GTE Laboratories Incorporated
University of California at Berkeley;id_University of California at Berkeley
ANSI X3H2;id_ANSI X3H2
ANSI X2H2;id_ANSI X2H2
IWBS Report;id_IWBS Report
LILOG-Report;id_LILOG-Report
LILOG-Memo;id_LILOG-Memo
IBM Publication;id_IBM Publication
Research Report / RJ / IBM / San Jose, California;id_Research Report / RJ / IBM / San Jose, California
Research Report / G / IBM / Cambridge Scientific Center;id_Research Report / G / IBM / Cambridge Scientific Center
Universität Trier, Mathematik/Informatik, Forschungsbericht;id_Universität Trier, Mathematik/Informatik, Forschungsbericht
Technical Report;id_Technical Report
Digital System Research Center Report;id_Digital System Research Center Report
Compulog Newsletter;id_Compulog Newsletter
Hydrology and Earth System Sciences;id_Hydrology and Earth System Sciences
Technical Rep. UKSC 0060, IBM United Kingdom Scientific Centre;id_Technical Rep. UKSC 0060, IBM United Kingdom Scientific Centre
ETH Zurich, Department of Computer Science / Technical Report;id_ETH Zurich, Department of Computer Science / Technical Report
Sci. Eng. Ethics;id_Sci. Eng. Ethics
J. Econ. Theory;id_J. Econ. Theory
Web Intell. Agent Syst.;id_Web Intell. Agent Syst.
Web Intell.;id_Web Intell.
IEEE Trans. Hum. Mach. Syst.;id_IEEE Trans. Hum. Mach. Syst.
Comput. Chem. Eng.;id_Comput. Chem. Eng.
IEEE Control. Syst. Lett.;id_IEEE Control. Syst. Lett.
Inf. Knowl. Syst. Manag.;id_Inf. Knowl. Syst. Manag.
Internet Math.;id_Internet Math.
Int. J. Web Inf. Syst.;id_Int. J. Web Inf. Syst.
Manag. Sci.;id_Manag. Sci.
Simul.;id_Simul.
Rev. Iberoam. de Tecnol. del Aprendiz.;id_Rev. Iberoam. de Tecnol. del Aprendiz.
Dyn. Games Appl.;id_Dyn. Games Appl.
Bus. Inf. Syst. Eng.;id_Bus. Inf. Syst. Eng.
Int. J. Adapt. Resilient Auton. Syst.;id_Int. J. Adapt. Resilient Auton. Syst.
J. Sci. Res.;id_J. Sci. Res.
J. Braz. Comput. Soc.;id_J. Braz. Comput. Soc.
J. Appl. Comput. Topol.;id_J. Appl. Comput. Topol.
Reliab. Comput.;id_Reliab. Comput.
Int. J. Intell. Syst. Technol. Appl.;id_Int. J. Intell. Syst. Technol. Appl.
Frontiers Blockchain;id_Frontiers Blockchain
Int. J. Secur. Softw. Eng.;id_Int. J. Secur. Softw. Eng.
Des. Autom. Embed. Syst.;id_Des. Autom. Embed. Syst.
Comput. Phys. Commun.;id_Comput. Phys. Commun.
Open J. Big Data;id_Open J. Big Data
Decis. Support Syst.;id_Decis. Support Syst.
Intell. Serv. Robotics;id_Intell. Serv. Robotics
Rev. Avances en Sistemas Informática;id_Rev. Avances en Sistemas Informática
Proc. ACM Meas. Anal. Comput. Syst.;id_Proc. ACM Meas. Anal. Comput. Syst.
IEEE Trans. Veh. Technol.;id_IEEE Trans. Veh. Technol.
J. Assoc. Inf. Sci. Technol.;id_J. Assoc. Inf. Sci. Technol.
J. Am. Soc. Inf. Sci.;id_J. Am. Soc. Inf. Sci.
JASIS;id_JASIS
Proc. ACM Program. Lang.;id_Proc. ACM Program. Lang.
ACM SIGLOG News;id_ACM SIGLOG News
Soc. Choice Welf.;id_Soc. Choice Welf.
Risk Decis. Anal.;id_Risk Decis. Anal.
CLEI Electron. J.;id_CLEI Electron. J.
SIGARCH Comput. Archit. News;id_SIGARCH Comput. Archit. News
J. Embed. Comput.;id_J. Embed. Comput.
Technometrics;id_Technometrics
Big Data Res.;id_Big Data Res.
Neural Comput. Appl.;id_Neural Comput. Appl.
Electron. Notes Discret. Math.;id_Electron. Notes Discret. Math.
J. Exp. Theor. Artif. Intell.;id_J. Exp. Theor. Artif. Intell.
Inteligencia Artif.;id_Inteligencia Artif.
Int. J. Concept. Struct. Smart Appl.;id_Int. J. Concept. Struct. Smart Appl.
Trans. Comput. Collect. Intell.;id_Trans. Comput. Collect. Intell.
Inf. Secur. Tech. Rep.;id_Inf. Secur. Tech. Rep.
J. Inf. Secur. Appl.;id_J. Inf. Secur. Appl.
Int. J. Softw. Innov.;id_Int. J. Softw. Innov.
Fundam. Informaticae;id_Fundam. Informaticae
Fundam. Inform.;id_Fundam. Inform.
Expert Syst. Appl.;id_Expert Syst. Appl.
J. Nonlinear Sci.;id_J. Nonlinear Sci.
Int. J. Comput. Sci. Eng.;id_Int. J. Comput. Sci. Eng.
BioData Min.;id_BioData Min.
IEEE Trans. Prof. Commun.;id_IEEE Trans. Prof. Commun.
Adv. Softw. Eng.;id_Adv. Softw. Eng.
Int. J. Inf. Syst. Serv. Sect.;id_Int. J. Inf. Syst. Serv. Sect.
J. Inf. Hiding Multim. Signal Process.;id_J. Inf. Hiding Multim. Signal Process.
J. Geogr. Syst.;id_J. Geogr. Syst.
IEEE Trans. Multi Scale Comput. Syst.;id_IEEE Trans. Multi Scale Comput. Syst.
Int. J. Commun. Syst.;id_Int. J. Commun. Syst.
Int. J. Autom. Control.;id_Int. J. Autom. Control.
Discret. Event Dyn. Syst.;id_Discret. Event Dyn. Syst.
J. Comb. Theory, Ser. B;id_J. Comb. Theory, Ser. B
OMICS;id_OMICS
Knowl. Eng. Data Sci.;id_Knowl. Eng. Data Sci.
Chic. J. Theor. Comput. Sci.;id_Chic. J. Theor. Comput. Sci.
Int. J. Adv. Comp. Techn.;id_Int. J. Adv. Comp. Techn.
Int. J. Mob. Commun.;id_Int. J. Mob. Commun.
IPSJ Trans. Syst. LSI Des. Methodol.;id_IPSJ Trans. Syst. LSI Des. Methodol.
Electron. J. Comb.;id_Electron. J. Comb.
Int. J. Handheld Comput. Res.;id_Int. J. Handheld Comput. Res.
IJHCR;id_IJHCR
Comput. Graph. X;id_Comput. Graph. X
Asia Pac. J. Oper. Res.;id_Asia Pac. J. Oper. Res.
Artif. Life;id_Artif. Life
Real Time Imaging;id_Real Time Imaging
IEEE Trans. Ind. Electron.;id_IEEE Trans. Ind. Electron.
Open Syst. Inf. Dyn.;id_Open Syst. Inf. Dyn.
Digit. Investig.;id_Digit. Investig.
Electron. Commer. Res.;id_Electron. Commer. Res.
Comput. Syst.;id_Comput. Syst.
ACM Trans. Asian Lang. Inf. Process.;id_ACM Trans. Asian Lang. Inf. Process.
ACM Trans. Asian Low Resour. Lang. Inf. Process.;id_ACM Trans. Asian Low Resour. Lang. Inf. Process.
Datenbank-Spektrum;id_Datenbank-Spektrum
Linguamática;id_Linguamática
AI Matters;id_AI Matters
IET Inf. Secur.;id_IET Inf. Secur.
Rev. d'Intelligence Artif.;id_Rev. d'Intelligence Artif.
Scand. J. Inf. Syst.;id_Scand. J. Inf. Syst.
Int. J. Appl. Math. Comput. Sci.;id_Int. J. Appl. Math. Comput. Sci.
J. Intell. Fuzzy Syst.;id_J. Intell. Fuzzy Syst.
IEEE J. Solid State Circuits;id_IEEE J. Solid State Circuits
ACM Trans. Multim. Comput. Commun. Appl.;id_ACM Trans. Multim. Comput. Commun. Appl.
Adv. Math. Commun.;id_Adv. Math. Commun.
ACM Journal on Computing and Cultural Heritage;id_ACM Journal on Computing and Cultural Heritage
Internet Things;id_Internet Things
Adv. Comput. Res.;id_Adv. Comput. Res.
IEEE Comput. Archit. Lett.;id_IEEE Comput. Archit. Lett.
Online Inf. Rev.;id_Online Inf. Rev.
Int. J. Comput. Sci. Sport;id_Int. J. Comput. Sci. Sport
J. Data Semant.;id_J. Data Semant.
Int. J. Cooperative Inf. Syst.;id_Int. J. Cooperative Inf. Syst.
SN Comput. Sci.;id_SN Comput. Sci.
Int. J. Interact. Commun. Syst. Technol.;id_Int. J. Interact. Commun. Syst. Technol.
Polytech. Open Libr. Int. Bull. Inf. Technol. Sci.;id_Polytech. Open Libr. Int. Bull. Inf. Technol. Sci.
Wiley Interdiscip. Rev. Data Min. Knowl. Discov.;id_Wiley Interdiscip. Rev. Data Min. Knowl. Discov.
J. Internet Serv. Appl.;id_J. Internet Serv. Appl.
J. Log. Algebraic Methods Program.;id_J. Log. Algebraic Methods Program.
J. Log. Program.;id_J. Log. Program.
J. Semant.;id_J. Semant.
Networks Heterog. Media;id_Networks Heterog. Media
J. Convergence Inf. Technol.;id_J. Convergence Inf. Technol.
ACM Trans. Access. Comput.;id_ACM Trans. Access. Comput.
Int. J. E Health Medical Commun.;id_Int. J. E Health Medical Commun.
ACM Trans. Spatial Algorithms Syst.;id_ACM Trans. Spatial Algorithms Syst.
Gov. Inf. Q.;id_Gov. Inf. Q.
IEEE Trans. Medical Imaging;id_IEEE Trans. Medical Imaging
Hypermedia;id_Hypermedia
J. Num. Math.;id_J. Num. Math.
D Lib Mag.;id_D Lib Mag.
IEEE Data Eng. Bull.;id_IEEE Data Eng. Bull.
IEEE Database Eng. Bull.;id_IEEE Database Eng. Bull.
Ann. Oper. Res.;id_Ann. Oper. Res.
Intell. Syst. Account. Finance Manag.;id_Intell. Syst. Account. Finance Manag.
Int. J. Sens. Networks;id_Int. J. Sens. Networks
Netw. Commun. Technol.;id_Netw. Commun. Technol.
GetMobile Mob. Comput. Commun.;id_GetMobile Mob. Comput. Commun.
ACM SIGMOBILE Mob. Comput. Commun. Rev.;id_ACM SIGMOBILE Mob. Comput. Commun. Rev.
J. Robotics;id_J. Robotics
J. Biomed. Semant.;id_J. Biomed. Semant.
Int. J. Grid Util. Comput.;id_Int. J. Grid Util. Comput.
Int. J. Inf. Sec.;id_Int. J. Inf. Sec.
Int. J. Knowl. Discov. Bioinform.;id_Int. J. Knowl. Discov. Bioinform.
Int. J. Appl. Cryptogr.;id_Int. J. Appl. Cryptogr.
Inf. Vis.;id_Inf. Vis.
Int. J. E Adopt.;id_Int. J. E Adopt.
IET Softw.;id_IET Softw.
Softw. Eng. J.;id_Softw. Eng. J.
IEE Proc. Softw.;id_IEE Proc. Softw.
IEE Proc. Softw. Eng.;id_IEE Proc. Softw. Eng.
Comput. Electron. Agric.;id_Comput. Electron. Agric.
Cryptologia;id_Cryptologia
Mach. Learn. Knowl. Extr.;id_Mach. Learn. Knowl. Extr.
Machine Learning and Knowledge Extraction;id_Machine Learning and Knowledge Extraction
J. Mach. Learn. Res.;id_J. Mach. Learn. Res.
Int. J. Appl. Pattern Recognit.;id_Int. J. Appl. Pattern Recognit.
J. Digit. Forensic Pract.;id_J. Digit. Forensic Pract.
Int. J. Inf. Syst. Soc. Chang.;id_Int. J. Inf. Syst. Soc. Chang.
IEEE Trans. Emerg. Top. Comput. Intell.;id_IEEE Trans. Emerg. Top. Comput. Intell.
Int. J. Creative Comput.;id_Int. J. Creative Comput.
J. Inf. Technol. Theory Appl.;id_J. Inf. Technol. Theory Appl.
Int. J. Game Based Learn.;id_Int. J. Game Based Learn.
Algorithmic Oper. Res.;id_Algorithmic Oper. Res.
Photonic Netw. Commun.;id_Photonic Netw. Commun.
Veh. Commun.;id_Veh. Commun.
J. Quantum Inf. Sci.;id_J. Quantum Inf. Sci.
Trait. Autom. des Langues;id_Trait. Autom. des Langues
Int. J. Algebra Comput.;id_Int. J. Algebra Comput.
Int. J. Intell. Sci.;id_Int. J. Intell. Sci.
J. Integr. Des. Process. Sci.;id_J. Integr. Des. Process. Sci.
Trans. SDPS;id_Trans. SDPS
Int. J. Online Mark.;id_Int. J. Online Mark.
IEEE Comput. Intell. Mag.;id_IEEE Comput. Intell. Mag.
ACM SIGPLAN Notices;id_ACM SIGPLAN Notices
SIGPLAN Notices;id_SIGPLAN Notices
Auton. Robots;id_Auton. Robots
Int. J. Internet Protoc. Technol.;id_Int. J. Internet Protoc. Technol.
Int. J. Chemoinformatics Chem. Eng.;id_Int. J. Chemoinformatics Chem. Eng.
Int. J. Multim. Intell. Secur.;id_Int. J. Multim. Intell. Secur.
IEEE Internet Comput.;id_IEEE Internet Comput.
J. Innov. Digit. Ecosyst.;id_J. Innov. Digit. Ecosyst.
ISPRS Int. J. Geo Inf.;id_ISPRS Int. J. Geo Inf.
Technol. Knowl. Learn.;id_Technol. Knowl. Learn.
Int. J. Comput. Math. Learn.;id_Int. J. Comput. Math. Learn.
Ad Hoc Sens. Wirel. Networks;id_Ad Hoc Sens. Wirel. Networks
Pers. Ubiquitous Comput.;id_Pers. Ubiquitous Comput.
IEEE Geosci. Remote. Sens. Lett.;id_IEEE Geosci. Remote. Sens. Lett.
Ind. Robot;id_Ind. Robot
J. Inf. Sci. Eng.;id_J. Inf. Sci. Eng.
Ann. UMCS Informatica;id_Ann. UMCS Informatica
Optim. Methods Softw.;id_Optim. Methods Softw.
IEEE Trans. Evol. Comput.;id_IEEE Trans. Evol. Comput.
eLearn Mag.;id_eLearn Mag.
EAI Endorsed Trans. Wirel. Spectr.;id_EAI Endorsed Trans. Wirel. Spectr.
Frontiers Virtual Real.;id_Frontiers Virtual Real.
GeoInformatica;id_GeoInformatica
Adv. Complex Syst.;id_Adv. Complex Syst.
Trans. Edutainment;id_Trans. Edutainment
Trans. Pattern Lang. Program.;id_Trans. Pattern Lang. Program.
Intell. Decis. Technol.;id_Intell. Decis. Technol.
Found. Trends Commun. Inf. Theory;id_Found. Trends Commun. Inf. Theory
J. Priv. Confidentiality;id_J. Priv. Confidentiality
Entertain. Comput.;id_Entertain. Comput.
Netw. Secur.;id_Netw. Secur.
J. Intell. Robotic Syst.;id_J. Intell. Robotic Syst.
J. Comput. Inf. Syst.;id_J. Comput. Inf. Syst.
IMA J. Math. Control. Inf.;id_IMA J. Math. Control. Inf.
Acta Cybern.;id_Acta Cybern.
Future Internet;id_Future Internet
ACM Trans. Priv. Secur.;id_ACM Trans. Priv. Secur.
ACM Trans. Inf. Syst. Secur.;id_ACM Trans. Inf. Syst. Secur.
J. Sens. Technol.;id_J. Sens. Technol.
Space Commun.;id_Space Commun.
Int. J. Sociotechnology Knowl. Dev.;id_Int. J. Sociotechnology Knowl. Dev.
Int. J. Cloud Appl. Comput.;id_Int. J. Cloud Appl. Comput.
Semantic Web;id_Semantic Web
Synth.;id_Synth.
J. Cloud Comput.;id_J. Cloud Comput.
Adv. Comput.;id_Adv. Comput.
Unmanned Syst.;id_Unmanned Syst.
Comput. Inf. Sci.;id_Comput. Inf. Sci.
Order;id_Order
IET Biom.;id_IET Biom.
J. Virtual Real. Broadcast.;id_J. Virtual Real. Broadcast.
Dialogue Discourse;id_Dialogue Discourse
ACM Trans. Math. Softw.;id_ACM Trans. Math. Softw.
Kybernetika;id_Kybernetika
Appl. Artif. Intell.;id_Appl. Artif. Intell.
Int. J. Inf. Qual.;id_Int. J. Inf. Qual.
ACM Trans. Reconfigurable Technol. Syst.;id_ACM Trans. Reconfigurable Technol. Syst.
Public Libr. Q.;id_Public Libr. Q.
SIAM J. Optim.;id_SIAM J. Optim.
Smart Learn. Environ.;id_Smart Learn. Environ.
Int. J. Intell. Games Simul.;id_Int. J. Intell. Games Simul.
INFORMS J. Comput.;id_INFORMS J. Comput.
Electron. Gov. an Int. J.;id_Electron. Gov. an Int. J.
IEEE Commun. Stand. Mag.;id_IEEE Commun. Stand. Mag.
IEEE Cloud Comput.;id_IEEE Cloud Comput.
Remote. Sens.;id_Remote. Sens.
EAI Endorsed Trans. e Learn.;id_EAI Endorsed Trans. e Learn.
Inform. Forsch. Entwickl.;id_Inform. Forsch. Entwickl.
Comput. Sci. Res. Dev.;id_Comput. Sci. Res. Dev.
SICS Softw.-Intensive Cyber Phys. Syst.;id_SICS Softw.-Intensive Cyber Phys. Syst.
Complex Adapt. Syst. Model.;id_Complex Adapt. Syst. Model.
Inf. Secur. J. A Glob. Perspect.;id_Inf. Secur. J. A Glob. Perspect.
iJET;id_iJET
Int. J. Netw. Manag.;id_Int. J. Netw. Manag.
Found. Trends Stoch. Syst.;id_Found. Trends Stoch. Syst.
Int. J. Comput. Math.;id_Int. J. Comput. Math.
Found. Trends Netw.;id_Found. Trends Netw.
J. Electronic Imaging;id_J. Electronic Imaging
Found. Trends Electron. Des. Autom.;id_Found. Trends Electron. Des. Autom.
Cryptogr.;id_Cryptogr.
Electron. Mark.;id_Electron. Mark.
Frontiers Robotics AI;id_Frontiers Robotics AI
Electron. Notes Theor. Comput. Sci.;id_Electron. Notes Theor. Comput. Sci.
Softw. Microsystems;id_Softw. Microsystems
Secur. Informatics;id_Secur. Informatics
Int. J. Comput. Support. Collab. Learn.;id_Int. J. Comput. Support. Collab. Learn.
Finite Fields Their Appl.;id_Finite Fields Their Appl.
VLSI Design;id_VLSI Design
Am. J. Comput. Math.;id_Am. J. Comput. Math.
Int. J. Comput. Simul.;id_Int. J. Comput. Simul.
Inf. Process. Lett.;id_Inf. Process. Lett.
Comput. Informatics;id_Comput. Informatics
Comput. Artif. Intell.;id_Comput. Artif. Intell.
Computers and Artificial Intelligence;id_Computers and Artificial Intelligence
Neuroinformatics;id_Neuroinformatics
Concurr. Comput. Pract. Exp.;id_Concurr. Comput. Pract. Exp.
Concurr. Pract. Exp.;id_Concurr. Pract. Exp.
IEEE Trans. Mob. Comput.;id_IEEE Trans. Mob. Comput.
Int. J. Energy Optim. Eng.;id_Int. J. Energy Optim. Eng.
J. Intell. Transp. Syst.;id_J. Intell. Transp. Syst.
Int. J. Virtual Real.;id_Int. J. Virtual Real.
EAI Endorsed Trans. Energy Web;id_EAI Endorsed Trans. Energy Web
J. Geogr. Inf. Syst.;id_J. Geogr. Inf. Syst.
Math. Program. Comput.;id_Math. Program. Comput.
Int. J. Inf. Priv. Secur. Integr.;id_Int. J. Inf. Priv. Secur. Integr.
J. Vis. Commun. Image Represent.;id_J. Vis. Commun. Image Represent.
R J.;id_R J.
Balt. J. Mod. Comput.;id_Balt. J. Mod. Comput.
Int. J. Agent Oriented Softw. Eng.;id_Int. J. Agent Oriented Softw. Eng.
Distributed Syst. Eng.;id_Distributed Syst. Eng.
Int. J. Wirel. Inf. Networks;id_Int. J. Wirel. Inf. Networks
J. ICT Stand.;id_J. ICT Stand.
RAIRO Oper. Res.;id_RAIRO Oper. Res.
Stat. Comput.;id_Stat. Comput.
Discuss. Math. Graph Theory;id_Discuss. Math. Graph Theory
Int. J. Law Inf. Technol.;id_Int. J. Law Inf. Technol.
Int. J. People Oriented Program.;id_Int. J. People Oriented Program.
Central Eur. J. Oper. Res.;id_Central Eur. J. Oper. Res.
J. Symb. Log.;id_J. Symb. Log.
ACM Trans. Knowl. Discov. Data;id_ACM Trans. Knowl. Discov. Data
Knowl. Eng. Rev.;id_Knowl. Eng. Rev.
ACM Stand.;id_ACM Stand.
Frontiers Digit. Humanit.;id_Frontiers Digit. Humanit.
Image Vis. Comput.;id_Image Vis. Comput.
J. Inf. Process.;id_J. Inf. Process.
Signal Process.;id_Signal Process.
J. Multimodal User Interfaces;id_J. Multimodal User Interfaces
HMD Prax. Wirtsch.;id_HMD Prax. Wirtsch.
Health Informatics J.;id_Health Informatics J.
OOPS Messenger;id_OOPS Messenger
Traitement du Signal;id_Traitement du Signal
Found. Trends Databases;id_Found. Trends Databases
Monde des Util. Anal. Données;id_Monde des Util. Anal. Données
IEEE Trans. Reliab.;id_IEEE Trans. Reliab.
ACM Trans. Internet Things;id_ACM Trans. Internet Things
Int. J. Netw. Secur.;id_Int. J. Netw. Secur.
ISC Int. J. Inf. Secur.;id_ISC Int. J. Inf. Secur.
Wasserwirtsch.;id_Wasserwirtsch.
Prague Bull. Math. Linguistics;id_Prague Bull. Math. Linguistics
InnovaInt. J. Actor Netw. Theory Technol. Innov.;id_InnovaInt. J. Actor Netw. Theory Technol. Innov.
Int. J. Organ. Collect. Intell.;id_Int. J. Organ. Collect. Intell.
Int. J. ICT Res. Dev. Afr.;id_Int. J. ICT Res. Dev. Afr.
Frontiers Inf. Technol. Electron. Eng.;id_Frontiers Inf. Technol. Electron. Eng.
J. Zhejiang Univ. Sci. C;id_J. Zhejiang Univ. Sci. C
Tiny Trans. Comput. Sci.;id_Tiny Trans. Comput. Sci.
PsychNology J.;id_PsychNology J.
Int. J. Web Appl.;id_Int. J. Web Appl.
Int. J. Appl. Geospat. Res.;id_Int. J. Appl. Geospat. Res.
IET Wirel. Sens. Syst.;id_IET Wirel. Sens. Syst.
Int. J. Art Cult. Des. Technol.;id_Int. J. Art Cult. Des. Technol.
Parallel Process. Lett.;id_Parallel Process. Lett.
Int. J. Online Pedagog. Course Des.;id_Int. J. Online Pedagog. Course Des.
Int. J. Manuf. Res.;id_Int. J. Manuf. Res.
Trans. High Perform. Embed. Archit. Compil.;id_Trans. High Perform. Embed. Archit. Compil.
Empir. Softw. Eng.;id_Empir. Softw. Eng.
J. Object Technol.;id_J. Object Technol.
Int. J. Intell. Syst.;id_Int. J. Intell. Syst.
Int. J. E Entrepreneurship Innov.;id_Int. J. E Entrepreneurship Innov.
J. Math. Model. Algorithms Oper. Res.;id_J. Math. Model. Algorithms Oper. Res.
J. Math. Model. Algorithms;id_J. Math. Model. Algorithms
EURO J. Comput. Optim.;id_EURO J. Comput. Optim.
Int. J. Artif. Intell. Educ.;id_Int. J. Artif. Intell. Educ.
ACM Trans. Comput. Log.;id_ACM Trans. Comput. Log.
Phonetica;id_Phonetica
Int. J. Interact. Mob. Technol.;id_Int. J. Interact. Mob. Technol.
Comput. Optim. Appl.;id_Comput. Optim. Appl.
EAI Endorsed Trans. Complex Syst.;id_EAI Endorsed Trans. Complex Syst.
Signal Image Video Process.;id_Signal Image Video Process.
Data Min. Knowl. Discov.;id_Data Min. Knowl. Discov.
Commun. Inf. Syst.;id_Commun. Inf. Syst.
Auton. Agents Multi Agent Syst.;id_Auton. Agents Multi Agent Syst.
Multidimens. Syst. Signal Process.;id_Multidimens. Syst. Signal Process.
Open J. Internet Things;id_Open J. Internet Things
Int. J. Model. Simul. Sci. Comput.;id_Int. J. Model. Simul. Sci. Comput.
J. Clin. Bioinform.;id_J. Clin. Bioinform.
Inf. Res.;id_Inf. Res.
J. Comput. Inf. Technol.;id_J. Comput. Inf. Technol.
Int. J. Cogn. Informatics Nat. Intell.;id_Int. J. Cogn. Informatics Nat. Intell.
SIAM J. Numer. Anal.;id_SIAM J. Numer. Anal.
Brain Connect.;id_Brain Connect.
Wirtschaftsinformatik Manag.;id_Wirtschaftsinformatik Manag.
IEEE Embed. Syst. Lett.;id_IEEE Embed. Syst. Lett.
Cogn. Comput.;id_Cogn. Comput.
IEEE Micro;id_IEEE Micro
Dagstuhl Artifacts Ser.;id_Dagstuhl Artifacts Ser.
J. Multiple Valued Log. Soft Comput.;id_J. Multiple Valued Log. Soft Comput.
Int. J. Technol. Hum. Interact.;id_Int. J. Technol. Hum. Interact.
IEEE Trans. Wirel. Commun.;id_IEEE Trans. Wirel. Commun.
J. Quant. Linguistics;id_J. Quant. Linguistics
ACM J. Data Inf. Qual.;id_ACM J. Data Inf. Qual.
J. Cyber Secur. Mobil.;id_J. Cyber Secur. Mobil.
Kybernetes;id_Kybernetes
Evol. Comput.;id_Evol. Comput.
Adv. Decis. Sci.;id_Adv. Decis. Sci.
Softw. Syst. Model.;id_Softw. Syst. Model.
IEEE Trans. Serv. Comput.;id_IEEE Trans. Serv. Comput.
Int. J. Knowl. Manag.;id_Int. J. Knowl. Manag.
Int. J. Signs Semiot. Syst.;id_Int. J. Signs Semiot. Syst.
Complex Syst.;id_Complex Syst.
Intell. Autom. Soft Comput.;id_Intell. Autom. Soft Comput.
Int. J. Inf. Technol. Web Eng.;id_Int. J. Inf. Technol. Web Eng.
IEEE Open J. Commun. Soc.;id_IEEE Open J. Commun. Soc.
Comput. Networks;id_Comput. Networks
Comput. Networks ISDN Syst.;id_Comput. Networks ISDN Syst.
Math. Control. Signals Syst.;id_Math. Control. Signals Syst.
Genom. Proteom. Bioinform.;id_Genom. Proteom. Bioinform.
IEEE Trans. Mol. Biol. Multi Scale Commun.;id_IEEE Trans. Mol. Biol. Multi Scale Commun.
Softwaretechnik-Trends;id_Softwaretechnik-Trends
Found. Comput. Math.;id_Found. Comput. Math.
Electron. Trans. Artif. Intell.;id_Electron. Trans. Artif. Intell.
Inf. Sci.;id_Inf. Sci.
Pattern Recognit.;id_Pattern Recognit.
RITA;id_RITA
Künstliche Intell.;id_Künstliche Intell.
Integr.;id_Integr.
Adv. Fuzzy Syst.;id_Adv. Fuzzy Syst.
AI Commun.;id_AI Commun.
World Wide Web;id_World Wide Web
Open J. Cloud Comput.;id_Open J. Cloud Comput.
Top. Cogn. Sci.;id_Top. Cogn. Sci.
Softw. Focus;id_Softw. Focus
J. Stat. Theory Appl.;id_J. Stat. Theory Appl.
Math. Struct. Comput. Sci.;id_Math. Struct. Comput. Sci.
Frontiers ICT;id_Frontiers ICT
Numer. Linear Algebra Appl.;id_Numer. Linear Algebra Appl.
Frontiers Comput. Neurosci.;id_Frontiers Comput. Neurosci.
IET Image Process.;id_IET Image Process.
Comput. Methods Appl. Math.;id_Comput. Methods Appl. Math.
Datenbank Rundbr.;id_Datenbank Rundbr.
GI Datenbank Rundbrief;id_GI Datenbank Rundbrief
Datenbank Rundbrief;id_Datenbank Rundbrief
Int. J. Reconfigurable Comput.;id_Int. J. Reconfigurable Comput.
Syst. Eng.;id_Syst. Eng.
Int. J. Cyber Situational Aware.;id_Int. J. Cyber Situational Aware.
IEEE Commun. Mag.;id_IEEE Commun. Mag.
Image Process. Line;id_Image Process. Line
IEEE Trans. Cloud Comput.;id_IEEE Trans. Cloud Comput.
Appl. Comput. Syst.;id_Appl. Comput. Syst.
Proc. Priv. Enhancing Technol.;id_Proc. Priv. Enhancing Technol.
Int. J. Inf. Secur. Priv.;id_Int. J. Inf. Secur. Priv.
Grey Syst. Theory Appl.;id_Grey Syst. Theory Appl.
Int. J. Autom. Comput.;id_Int. J. Autom. Comput.
World Digit. Libr.;id_World Digit. Libr.
J. Cogn. Neurosci.;id_J. Cogn. Neurosci.
Int. J. Pattern Recognit. Artif. Intell.;id_Int. J. Pattern Recognit. Artif. Intell.
Inroads;id_Inroads
Oper. Res.;id_Oper. Res.
Appl. Ontology;id_Appl. Ontology
Int. J. Comput. Sci. Math.;id_Int. J. Comput. Sci. Math.
IEEE Trans. Aerosp. Electron. Syst.;id_IEEE Trans. Aerosp. Electron. Syst.
ACM Commun. Comput. Algebra;id_ACM Commun. Comput. Algebra
SIGSAM Bull.;id_SIGSAM Bull.
Algorithms Mol. Biol.;id_Algorithms Mol. Biol.
Comb. Probab. Comput.;id_Comb. Probab. Comput.
Multiagent Grid Syst.;id_Multiagent Grid Syst.
Comput. Stat. Data Anal.;id_Comput. Stat. Data Anal.
J. Ambient Intell. Humaniz. Comput.;id_J. Ambient Intell. Humaniz. Comput.
J. Commun.;id_J. Commun.
J. Comput. Inf. Sci. Eng.;id_J. Comput. Inf. Sci. Eng.
Adv. Eng. Softw.;id_Adv. Eng. Softw.
Trans. Large Scale Data Knowl. Centered Syst.;id_Trans. Large Scale Data Knowl. Centered Syst.
SIGHIT Rec.;id_SIGHIT Rec.
Egypt. Comput. Sci. J.;id_Egypt. Comput. Sci. J.
Int. J. Web Portals;id_Int. J. Web Portals
IEEE Access;id_IEEE Access
EURASIP J. Audio Speech Music. Process.;id_EURASIP J. Audio Speech Music. Process.
Int. J. Inf. Manag.;id_Int. J. Inf. Manag.
J. Sensors;id_J. Sensors
Comput. Support. Cooperative Work.;id_Comput. Support. Cooperative Work.
Frontiers Res. Metrics Anal.;id_Frontiers Res. Metrics Anal.
J. Educ. Technol. Soc.;id_J. Educ. Technol. Soc.
Expert Syst. Appl. X;id_Expert Syst. Appl. X
J. Int. Comput. Games Assoc.;id_J. Int. Comput. Games Assoc.
Multim. Syst.;id_Multim. Syst.
Evol. Intell.;id_Evol. Intell.
IT Prof.;id_IT Prof.
J. Comput. Neurosci.;id_J. Comput. Neurosci.
IEEE Internet Things J.;id_IEEE Internet Things J.
Obj. Logiciel Base données Réseaux;id_Obj. Logiciel Base données Réseaux
Formaliz. Math.;id_Formaliz. Math.
Requir. Eng.;id_Requir. Eng.
Int. J. Adv. Media Commun.;id_Int. J. Adv. Media Commun.
Univers. Access Inf. Soc.;id_Univers. Access Inf. Soc.
New Gener. Comput.;id_New Gener. Comput.
JSIAM Lett.;id_JSIAM Lett.
Int. J. Strateg. Inf. Technol. Appl.;id_Int. J. Strateg. Inf. Technol. Appl.
Comput. Oper. Res.;id_Comput. Oper. Res.
Found. Trends Microeconomics;id_Found. Trends Microeconomics
Found. Trends Robotics;id_Found. Trends Robotics
Int. J. Serv. Sci. Manag. Eng. Technol.;id_Int. J. Serv. Sci. Manag. Eng. Technol.
Autom.;id_Autom.
Ann. GIS;id_Ann. GIS
J. Comput. Sci. Technol.;id_J. Comput. Sci. Technol.
IEEE Trans. Very Large Scale Integr. Syst.;id_IEEE Trans. Very Large Scale Integr. Syst.
Int. J. Intell. Def. Support Syst.;id_Int. J. Intell. Def. Support Syst.
J. Supercomput.;id_J. Supercomput.
IEEE Concurr.;id_IEEE Concurr.
IEEE Parallel Distributed Technol. Syst. Appl.;id_IEEE Parallel Distributed Technol. Syst. Appl.
IEEE Concurrency;id_IEEE Concurrency
Monte Carlo Methods Appl.;id_Monte Carlo Methods Appl.
Comput. Humanit.;id_Comput. Humanit.
Lang. Resour. Evaluation;id_Lang. Resour. Evaluation
Int. J. High Perform. Syst. Archit.;id_Int. J. High Perform. Syst. Archit.
IEEE Trans. Instrum. Meas.;id_IEEE Trans. Instrum. Meas.
Libr. Hi Tech;id_Libr. Hi Tech
Ad Hoc Networks;id_Ad Hoc Networks
Int. J. Comput. Intell. Stud.;id_Int. J. Comput. Intell. Stud.
J. Ambient Intell. Smart Environ.;id_J. Ambient Intell. Smart Environ.
Data Sci.;id_Data Sci.
IEEE Trans. Learn. Technol.;id_IEEE Trans. Learn. Technol.
Int. J. Inf. Process. Manag.;id_Int. J. Inf. Process. Manag.
J. Softw. Eng. Appl.;id_J. Softw. Eng. Appl.
Technol. Anal. Strateg. Manag.;id_Technol. Anal. Strateg. Manag.
J. Inf. Data Manag.;id_J. Inf. Data Manag.
Qual. Reliab. Eng. Int.;id_Qual. Reliab. Eng. Int.
Quality and Reliability Eng. Int.;id_Quality and Reliability Eng. Int.
Elektrotech. Informationstechnik;id_Elektrotech. Informationstechnik
Interactions;id_Interactions
FLAP;id_FLAP
J. Multim.;id_J. Multim.
Int. J. Digit. Curation;id_Int. J. Digit. Curation
Math. Comput. Simul.;id_Math. Comput. Simul.
J. Comput. Chem.;id_J. Comput. Chem.
Int. J. Uncertain. Fuzziness Knowl. Based Syst.;id_Int. J. Uncertain. Fuzziness Knowl. Based Syst.
Neural Process. Lett.;id_Neural Process. Lett.
J. Softw.;id_J. Softw.
Int. J. Comput. Games Technol.;id_Int. J. Comput. Games Technol.
Dagstuhl Reports;id_Dagstuhl Reports
Proc. ACM Hum. Comput. Interact.;id_Proc. ACM Hum. Comput. Interact.
Discret. Math. Theor. Comput. Sci.;id_Discret. Math. Theor. Comput. Sci.
Int. J. Recent Contributions Eng. Sci. IT;id_Int. J. Recent Contributions Eng. Sci. IT
Int. J. Trust. Manag. Comput. Commun.;id_Int. J. Trust. Manag. Comput. Commun.
Found. Trends Signal Process.;id_Found. Trends Signal Process.
Simul. Notes Eur.;id_Simul. Notes Eur.
Comput. Sci. Inf. Syst.;id_Comput. Sci. Inf. Syst.
ACM Trans. Economics and Comput.;id_ACM Trans. Economics and Comput.
Pattern Recognit. Lett.;id_Pattern Recognit. Lett.
J. Lang. Model.;id_J. Lang. Model.
SIAM J. Appl. Dyn. Syst.;id_SIAM J. Appl. Dyn. Syst.
Paladyn J. Behav. Robotics;id_Paladyn J. Behav. Robotics
Paladyn;id_Paladyn
Int. J. Inf. Coding Theory;id_Int. J. Inf. Coding Theory
Int. J. Wirel. Mob. Comput.;id_Int. J. Wirel. Mob. Comput.
BMC Genom.;id_BMC Genom.
Int. J. Web Serv. Res.;id_Int. J. Web Serv. Res.
LNCS Trans. Found. Mastering Chang.;id_LNCS Trans. Found. Mastering Chang.
Trans. Int. Soc. Music. Inf. Retr.;id_Trans. Int. Soc. Music. Inf. Retr.
Comput. Complex.;id_Comput. Complex.
J. Hardw. Syst. Secur.;id_J. Hardw. Syst. Secur.
Real Time Syst.;id_Real Time Syst.
Int. J. Auton. Comput.;id_Int. J. Auton. Comput.
Struct. Program.;id_Struct. Program.
Softw. Concepts Tools;id_Softw. Concepts Tools
IEEE Trans. Ind. Informatics;id_IEEE Trans. Ind. Informatics
Int. J. Child Comput. Interact.;id_Int. J. Child Comput. Interact.
Expert Syst. J. Knowl. Eng.;id_Expert Syst. J. Knowl. Eng.
Cryptogr. Commun.;id_Cryptogr. Commun.
Adv. Artif. Intell.;id_Adv. Artif. Intell.
ACM Trans. Algorithms;id_ACM Trans. Algorithms
Adv. Oper. Res.;id_Adv. Oper. Res.
J. Oper. Res. Soc.;id_J. Oper. Res. Soc.
Comput. Aided Geom. Des.;id_Comput. Aided Geom. Des.
J. Cryptogr. Eng.;id_J. Cryptogr. Eng.
Integers;id_Integers
J. Classif.;id_J. Classif.
Adv. Appl. Math.;id_Adv. Appl. Math.
Int. J. Distributed Syst. Technol.;id_Int. J. Distributed Syst. Technol.
Int. J. Electron. Secur. Digit. Forensics;id_Int. J. Electron. Secur. Digit. Forensics
Aslib Proc.;id_Aslib Proc.
Aslib J. Inf. Manag.;id_Aslib J. Inf. Manag.
Syst.;id_Syst.
Comput. Math. Organ. Theory;id_Comput. Math. Organ. Theory
AI Soc.;id_AI Soc.
Computerworld;id_Computerworld
Int. J. Bus. Inf. Syst.;id_Int. J. Bus. Inf. Syst.
Biosyst.;id_Biosyst.
Int. J. Arts Technol.;id_Int. J. Arts Technol.
BIT Comput. Sci. Sect.;id_BIT Comput. Sci. Sect.
BIT;id_BIT
Comput. Commun.;id_Comput. Commun.
Int. J. Embed. Syst.;id_Int. J. Embed. Syst.
IEEE Ann. Hist. Comput.;id_IEEE Ann. Hist. Comput.
Data Sci. Eng.;id_Data Sci. Eng.
Multim. Tools Appl.;id_Multim. Tools Appl.
Adv. Numer. Anal.;id_Adv. Numer. Anal.
Trans. Comp. Sys. Biology;id_Trans. Comp. Sys. Biology
Grammars;id_Grammars
IEEE ACM Trans. Comput. Biol. Bioinform.;id_IEEE ACM Trans. Comput. Biol. Bioinform.
Res. Comput. Sci.;id_Res. Comput. Sci.
J. Theor. Appl. Electron. Commer. Res.;id_J. Theor. Appl. Electron. Commer. Res.
ACM SIGSPATIAL Special;id_ACM SIGSPATIAL Special
Int. J. Spatial Data Infrastructures Res.;id_Int. J. Spatial Data Infrastructures Res.
Organ. Sci.;id_Organ. Sci.
IEEE Trans. Comput. Soc. Syst.;id_IEEE Trans. Comput. Soc. Syst.
J. Complex Networks;id_J. Complex Networks
Appl. Categorical Struct.;id_Appl. Categorical Struct.
EAI Endorsed Trans. Pervasive Health Technol.;id_EAI Endorsed Trans. Pervasive Health Technol.
Comput. Medical Imaging Graph.;id_Comput. Medical Imaging Graph.
Quant. Biol.;id_Quant. Biol.
J. Digit. Content Technol. its Appl.;id_J. Digit. Content Technol. its Appl.
J. Cryptol.;id_J. Cryptol.
IEEE Trans. Emerg. Top. Comput.;id_IEEE Trans. Emerg. Top. Comput.
ERCIM News;id_ERCIM News
J. Comput. Sci.;id_J. Comput. Sci.
J. Intell. Inf. Syst.;id_J. Intell. Inf. Syst.
Int. J. e Collab.;id_Int. J. e Collab.
Appl. Algebra Eng. Commun. Comput.;id_Appl. Algebra Eng. Commun. Comput.
Int. J. Digit. Libr.;id_Int. J. Digit. Libr.
Big Data Min. Anal.;id_Big Data Min. Anal.
Int. J. Virtual Communities Soc. Netw.;id_Int. J. Virtual Communities Soc. Netw.
Informatics Educ.;id_Informatics Educ.
Int. J. Comput. Process. Orient. Lang.;id_Int. J. Comput. Process. Orient. Lang.
Reliab. Eng. Syst. Saf.;id_Reliab. Eng. Syst. Saf.
Int. J. Crit. Infrastructure Prot.;id_Int. J. Crit. Infrastructure Prot.
J. Signal Inf. Process.;id_J. Signal Inf. Process.
Int. J. Wavelets Multiresolution Inf. Process.;id_Int. J. Wavelets Multiresolution Inf. Process.
Rev. Int. Géomatique;id_Rev. Int. Géomatique
Int. J. Embed. Real Time Commun. Syst.;id_Int. J. Embed. Real Time Commun. Syst.
ACM Trans. Comput. Syst.;id_ACM Trans. Comput. Syst.
Appl. Math. Comput.;id_Appl. Math. Comput.
Decis. Anal.;id_Decis. Anal.
Int. J. Comput. Vis. Robotics;id_Int. J. Comput. Vis. Robotics
IJCVR;id_IJCVR
Int. J. Unconv. Comput.;id_Int. J. Unconv. Comput.
Inf. Syst. E Bus. Manag.;id_Inf. Syst. E Bus. Manag.
Speech Commun.;id_Speech Commun.
Speech Communication;id_Speech Communication
Int. J. Intell. Inf. Technol.;id_Int. J. Intell. Inf. Technol.
Theory Comput.;id_Theory Comput.
Int. J. Semantic Web Inf. Syst.;id_Int. J. Semantic Web Inf. Syst.
SIGBED Rev.;id_SIGBED Rev.
OR Spectr.;id_OR Spectr.
IEICE Trans. Commun.;id_IEICE Trans. Commun.
J. Adv. Eng. Comput.;id_J. Adv. Eng. Comput.
Cogn. Technol. Work.;id_Cogn. Technol. Work.
J. Biomed. Informatics X;id_J. Biomed. Informatics X
IEICE Trans. Inf. Syst.;id_IEICE Trans. Inf. Syst.
IEICE Trans. Fundam. Electron. Commun. Comput. Sci.;id_IEICE Trans. Fundam. Electron. Commun. Comput. Sci.
IEICE Trans. Electron.;id_IEICE Trans. Electron.
Int. J. Syst. Dyn. Appl.;id_Int. J. Syst. Dyn. Appl.
EURASIP J. Embed. Syst.;id_EURASIP J. Embed. Syst.
J. Interconnect. Networks;id_J. Interconnect. Networks
Int. J. Appl. Evol. Comput.;id_Int. J. Appl. Evol. Comput.
Int. J. Bus. Data Commun. Netw.;id_Int. J. Bus. Data Commun. Netw.
Circuits Syst. Signal Process.;id_Circuits Syst. Signal Process.
Medical Image Anal.;id_Medical Image Anal.
Argument Comput.;id_Argument Comput.
Int. Trans. Oper. Res.;id_Int. Trans. Oper. Res.
J. Univers. Comput. Sci.;id_J. Univers. Comput. Sci.
Annu. Rev. Inf. Sci. Technol.;id_Annu. Rev. Inf. Sci. Technol.
J. Intell. Learn. Syst. Appl.;id_J. Intell. Learn. Syst. Appl.
J. Comput. Aided Mol. Des.;id_J. Comput. Aided Mol. Des.
J. Integer Seq.;id_J. Integer Seq.
BMC Bioinform.;id_BMC Bioinform.
J. Comput. Networks Commun.;id_J. Comput. Networks Commun.
Math. Comput. For. Nat. Resour. Sci.;id_Math. Comput. For. Nat. Resour. Sci.
J. Reliab. Intell. Environ.;id_J. Reliab. Intell. Environ.
Datenschutz und Datensicherheit;id_Datenschutz und Datensicherheit
Bull. ICA;id_Bull. ICA
Digit. Creativity;id_Digit. Creativity
Intell. Tutoring Media;id_Intell. Tutoring Media
Eng. Lett.;id_Eng. Lett.
Int. J. Aviat. Technol. Eng. Manag.;id_Int. J. Aviat. Technol. Eng. Manag.
IBM J. Res. Dev.;id_IBM J. Res. Dev.
IET Circuits Devices Syst.;id_IET Circuits Devices Syst.
Optim. Lett.;id_Optim. Lett.
Int. J. Electron. Gov. Res.;id_Int. J. Electron. Gov. Res.
Int. J. Open Source Softw. Process.;id_Int. J. Open Source Softw. Process.
Inf. Technol. Dev.;id_Inf. Technol. Dev.
J. Strateg. Inf. Syst.;id_J. Strateg. Inf. Syst.
Open J. Web Technol.;id_Open J. Web Technol.
Array;id_Array
J. Robotics Mechatronics;id_J. Robotics Mechatronics
Distributed Comput.;id_Distributed Comput.
Rev. Socionetwork Strateg.;id_Rev. Socionetwork Strateg.
Proc. ACM Interact. Mob. Wearable Ubiquitous Technol.;id_Proc. ACM Interact. Mob. Wearable Ubiquitous Technol.
ACM Trans. Web;id_ACM Trans. Web
Axioms;id_Axioms
Intelligenza Artificiale;id_Intelligenza Artificiale
Int. J. Adult Vocat. Educ. Technol.;id_Int. J. Adult Vocat. Educ. Technol.
Int. J. Meas. Technol. Instrum. Eng.;id_Int. J. Meas. Technol. Instrum. Eng.
IEEE Trans. Cogn. Commun. Netw.;id_IEEE Trans. Cogn. Commun. Netw.
Neural Parallel Sci. Comput.;id_Neural Parallel Sci. Comput.
IEEE Trans. Geosci. Remote. Sens.;id_IEEE Trans. Geosci. Remote. Sens.
IET Comput. Digit. Tech.;id_IET Comput. Digit. Tech.
IEEE Trans. Netw. Sci. Eng.;id_IEEE Trans. Netw. Sci. Eng.
Int. J. Approx. Reason.;id_Int. J. Approx. Reason.
Tech. Sci. Informatiques;id_Tech. Sci. Informatiques
Int. J. Adv. Oper. Manag.;id_Int. J. Adv. Oper. Manag.
Trans. Mach. Learn. Data Min.;id_Trans. Mach. Learn. Data Min.
Trans. MLDM;id_Trans. MLDM
Found. Trends Syst. Control.;id_Found. Trends Syst. Control.
Adv. Hum. Comput. Interact.;id_Adv. Hum. Comput. Interact.
Symmetry;id_Symmetry
Hum. Comput. Interact.;id_Hum. Comput. Interact.
SIAM J. Sci. Comput.;id_SIAM J. Sci. Comput.
Comput. Graph.;id_Comput. Graph.
Int. J. Cloud Comput.;id_Int. J. Cloud Comput.
Int. J. Control;id_Int. J. Control
IMPACT Comput. Sci. Eng.;id_IMPACT Comput. Sci. Eng.
Int. J. Gaming Comput. Mediat. Simulations;id_Int. J. Gaming Comput. Mediat. Simulations
SIAM J. Discret. Math.;id_SIAM J. Discret. Math.
Adv. Robotics;id_Adv. Robotics
J. Wirel. Mob. Networks Ubiquitous Comput. Dependable Appl.;id_J. Wirel. Mob. Networks Ubiquitous Comput. Dependable Appl.
Eur. J. Control;id_Eur. J. Control
SIGMETRICS Perform. Evaluation Rev.;id_SIGMETRICS Perform. Evaluation Rev.
Mach. Transl.;id_Mach. Transl.
NeuroImage;id_NeuroImage
Int. J. Knowl. Eng. Soft Data Paradigms;id_Int. J. Knowl. Eng. Soft Data Paradigms
Int. J. Comput. Syst. Signals;id_Int. J. Comput. Syst. Signals
Found. Trends Web Sci.;id_Found. Trends Web Sci.
Pac. Asia J. Assoc. Inf. Syst.;id_Pac. Asia J. Assoc. Inf. Syst.
Rundbr. GI Fachgr. 5 10 Informationssystem Archit.;id_Rundbr. GI Fachgr. 5 10 Informationssystem Archit.
Acta Informatica;id_Acta Informatica
Int. J. Adv. Intell. Paradigms;id_Int. J. Adv. Intell. Paradigms
J. Graph Algorithms Appl.;id_J. Graph Algorithms Appl.
J. Electron. Publ.;id_J. Electron. Publ.
J. Frankl. Inst.;id_J. Frankl. Inst.
Autom. Softw. Eng.;id_Autom. Softw. Eng.
Int. J. Humanit. Arts Comput.;id_Int. J. Humanit. Arts Comput.
J. Digit. Inf.;id_J. Digit. Inf.
Dagstuhl Manifestos;id_Dagstuhl Manifestos
SIGART Bull.;id_SIGART Bull.
SIGART Newsl.;id_SIGART Newsl.
Intell.;id_Intell.
Acta Numer.;id_Acta Numer.
J. Object Oriented Program.;id_J. Object Oriented Program.
Ann. Math. Artif. Intell.;id_Ann. Math. Artif. Intell.
Data;id_Data
IEEE Robotics Autom. Lett.;id_IEEE Robotics Autom. Lett.
J. Field Robotics;id_J. Field Robotics
Int. J. Bioinform. Res. Appl.;id_Int. J. Bioinform. Res. Appl.
IEEE Trans. Circuits Syst. II Express Briefs;id_IEEE Trans. Circuits Syst. II Express Briefs
Comput. Commun. Rev.;id_Comput. Commun. Rev.
Computer Communication Review;id_Computer Communication Review
J. Softw. Maintenance Res. Pract.;id_J. Softw. Maintenance Res. Pract.
J. Softw. Evol. Process.;id_J. Softw. Evol. Process.
SIAM J. Math. Anal.;id_SIAM J. Math. Anal.
Int. J. Inf. Syst. Supply Chain Manag.;id_Int. J. Inf. Syst. Supply Chain Manag.
CAAI Trans. Intell. Technol.;id_CAAI Trans. Intell. Technol.
Queueing Syst. Theory Appl.;id_Queueing Syst. Theory Appl.
Int. J. Bifurc. Chaos;id_Int. J. Bifurc. Chaos
Electron. Commer. Res. Appl.;id_Electron. Commer. Res. Appl.
EURASIP J. Wirel. Commun. Netw.;id_EURASIP J. Wirel. Commun. Netw.
Int. J. Nat. Comput. Res.;id_Int. J. Nat. Comput. Res.
Comput. Ind.;id_Comput. Ind.
Netw. Inf. Syst. J.;id_Netw. Inf. Syst. J.
Int. J. Technol. Diffusion;id_Int. J. Technol. Diffusion
IEEE Trans. Smart Grid;id_IEEE Trans. Smart Grid
Int. J. High Perform. Comput. Appl.;id_Int. J. High Perform. Comput. Appl.
EAI Endorsed Trans. Cloud Syst.;id_EAI Endorsed Trans. Cloud Syst.
Int. J. Syst. Sci.;id_Int. J. Syst. Sci.
Scholarpedia;id_Scholarpedia
Comput. Geom.;id_Comput. Geom.
Int. J. Inf. Syst. Chang. Manag.;id_Int. J. Inf. Syst. Chang. Manag.
IEEE Wirel. Commun. Lett.;id_IEEE Wirel. Commun. Lett.
ACM Trans. Comput. Hum. Interact.;id_ACM Trans. Comput. Hum. Interact.
SIGMOD Rec.;id_SIGMOD Rec.
FDT Bull. ACM SIGFIDET SIGMOD;id_FDT Bull. ACM SIGFIDET SIGMOD
J. Instr. Level Parallelism;id_J. Instr. Level Parallelism
Frontiers Artif. Intell.;id_Frontiers Artif. Intell.
Appl. Comput. Intell. Soft Comput.;id_Appl. Comput. Intell. Soft Comput.
Int. J. Image Graph.;id_Int. J. Image Graph.
J. Am. Medical Informatics Assoc.;id_J. Am. Medical Informatics Assoc.
J. Electron. Commer. Res.;id_J. Electron. Commer. Res.
Int. J. Syst. Serv. Oriented Eng.;id_Int. J. Syst. Serv. Oriented Eng.
Informatics;id_Informatics
Roars Trans.;id_Roars Trans.
Int. J. Knowl. Based Organ.;id_Int. J. Knowl. Based Organ.
Formal Methods Syst. Des.;id_Formal Methods Syst. Des.
IEEE/ACM Trans. Netw.;id_IEEE/ACM Trans. Netw.
J. Control. Sci. Eng.;id_J. Control. Sci. Eng.
IEEE Signal Process. Lett.;id_IEEE Signal Process. Lett.
Artif. Intell.;id_Artif. Intell.
IEEE Trans. Intell. Transp. Syst.;id_IEEE Trans. Intell. Transp. Syst.
INFOR Inf. Syst. Oper. Res.;id_INFOR Inf. Syst. Oper. Res.
Brain Informatics;id_Brain Informatics
Artif. Intell. Medicine;id_Artif. Intell. Medicine
Int. J. Innov. Digit. Econ.;id_Int. J. Innov. Digit. Econ.
Bull. Symb. Log.;id_Bull. Symb. Log.
MIS Q.;id_MIS Q.
Int. J. Comput. Integr. Manuf.;id_Int. J. Comput. Integr. Manuf.
Vis. Comput. Ind. Biomed. Art;id_Vis. Comput. Ind. Biomed. Art
Ethics Inf. Technol.;id_Ethics Inf. Technol.
Bull. dInformatique Approfondie et Appl.;id_Bull. dInformatique Approfondie et Appl.
J. Spatial Inf. Sci.;id_J. Spatial Inf. Sci.
Int. J. Digit. Multim. Broadcast.;id_Int. J. Digit. Multim. Broadcast.
Int. J. Comput. Commun. Control;id_Int. J. Comput. Commun. Control
Commun. Netw.;id_Commun. Netw.
J. Chem. Inf. Comput. Sci.;id_J. Chem. Inf. Comput. Sci.
J. Chem. Inf. Model.;id_J. Chem. Inf. Model.
IEEE Trans. Autom. Control.;id_IEEE Trans. Autom. Control.
Commun. Assoc. Inf. Syst.;id_Commun. Assoc. Inf. Syst.
CAIS;id_CAIS
J. Real Time Image Process.;id_J. Real Time Image Process.
Integr. Comput. Aided Eng.;id_Integr. Comput. Aided Eng.
Comb.;id_Comb.
Eng. Comput.;id_Eng. Comput.
PeerJ Comput. Sci.;id_PeerJ Comput. Sci.
Big Data;id_Big Data
IEEE Trans. Cybern.;id_IEEE Trans. Cybern.
ACM SIGMOD Digit. Symp. Collect.;id_ACM SIGMOD Digit. Symp. Collect.
Int. J. Medical Informatics;id_Int. J. Medical Informatics
Int. J. Appl. Logist.;id_Int. J. Appl. Logist.
Knowl. Inf. Syst.;id_Knowl. Inf. Syst.
SIAM J. Math. Data Sci.;id_SIAM J. Math. Data Sci.
Interact. Learn. Environ.;id_Interact. Learn. Environ.
Algorithmic Finance;id_Algorithmic Finance
Int. J. Mob. Hum. Comput. Interact.;id_Int. J. Mob. Hum. Comput. Interact.
Math. Log. Q.;id_Math. Log. Q.
Behav. Inf. Technol.;id_Behav. Inf. Technol.
Int. J. Parallel Program.;id_Int. J. Parallel Program.
J. Commun. Networks;id_J. Commun. Networks
Int. J. Knowl. Syst. Sci.;id_Int. J. Knowl. Syst. Sci.
Theory Biosci.;id_Theory Biosci.
Wirel. Commun. Mob. Comput.;id_Wirel. Commun. Mob. Comput.
ACM J. Comput. Documentation;id_ACM J. Comput. Documentation
Commun. Stat. Simul. Comput.;id_Commun. Stat. Simul. Comput.
CVGIP Image Underst.;id_CVGIP Image Underst.
Comput. Vis. Image Underst.;id_Comput. Vis. Image Underst.
KSII Trans. Internet Inf. Syst.;id_KSII Trans. Internet Inf. Syst.
J. Enterp. Inf. Manag.;id_J. Enterp. Inf. Manag.
Int. J. Space Based Situated Comput.;id_Int. J. Space Based Situated Comput.
Int. J. Knowl. Web Intell.;id_Int. J. Knowl. Web Intell.
Vis. Informatics;id_Vis. Informatics
J. Comput. Phys.;id_J. Comput. Phys.
Int. J. Comput. Sci. Appl.;id_Int. J. Comput. Sci. Appl.
Int. J. Hum. Cap. Inf. Technol. Prof.;id_Int. J. Hum. Cap. Inf. Technol. Prof.
Afr. J. Inf. Commun. Technol.;id_Afr. J. Inf. Commun. Technol.
J. WSCG;id_J. WSCG
Control. Cybern.;id_Control. Cybern.
Found. Trends Comput. Graph. Vis.;id_Found. Trends Comput. Graph. Vis.
Pervasive Mob. Comput.;id_Pervasive Mob. Comput.
Cogn. Sci.;id_Cogn. Sci.
Displays;id_Displays
First Monday;id_First Monday
J. Autom. Lang. Comb.;id_J. Autom. Lang. Comb.
Int. J. Comput. Vis. Image Process.;id_Int. J. Comput. Vis. Image Process.
Telematics Informatics;id_Telematics Informatics
Computer;id_Computer
Int. J. Comput. Assist. Lang. Learn. Teach.;id_Int. J. Comput. Assist. Lang. Learn. Teach.
INFORMS Trans. Educ.;id_INFORMS Trans. Educ.
Quantum Inf. Comput.;id_Quantum Inf. Comput.
J. Intell. Syst.;id_J. Intell. Syst.
Comput. Math. Appl.;id_Comput. Math. Appl.
IET Networks;id_IET Networks
IEEE Instrum. Meas. Mag.;id_IEEE Instrum. Meas. Mag.
Algorithmica;id_Algorithmica
Int. J. Satell. Commun. Netw.;id_Int. J. Satell. Commun. Netw.
Atl. Mon.;id_Atl. Mon.
Notre Dame J. Formal Log.;id_Notre Dame J. Formal Log.
Int. J. Knowl. Eng. Data Min.;id_Int. J. Knowl. Eng. Data Min.
J. Inf. Process. Cybern.;id_J. Inf. Process. Cybern.
J. Game Dev.;id_J. Game Dev.
4OR;id_4OR
Eur. J. Comb.;id_Eur. J. Comb.
Des. Codes Cryptogr.;id_Des. Codes Cryptogr.
Vietnam. J. Comput. Sci.;id_Vietnam. J. Comput. Sci.
IEEE Trans. Computers;id_IEEE Trans. Computers
IEEE Trans. Electron. Comput.;id_IEEE Trans. Electron. Comput.
IRE Trans. Electron. Comput.;id_IRE Trans. Electron. Comput.
Trans. I R E Prof. Group Electron. Comput.;id_Trans. I R E Prof. Group Electron. Comput.
LOG IN;id_LOG IN
SIGWEB Newsl.;id_SIGWEB Newsl.
Inf. Process. Manag.;id_Inf. Process. Manag.
Inf. Storage Retr.;id_Inf. Storage Retr.
EAI Endorsed Trans. Scalable Inf. Syst.;id_EAI Endorsed Trans. Scalable Inf. Syst.
EAI Endorsed Trans. Scalable Information Systems;id_EAI Endorsed Trans. Scalable Information Systems
Artif. Intell. Rev.;id_Artif. Intell. Rev.
IEEE J. Sel. Top. Signal Process.;id_IEEE J. Sel. Top. Signal Process.
J. Sel. Topics Signal Processing;id_J. Sel. Topics Signal Processing
J. Math. Log.;id_J. Math. Log.
Lang. Linguistics Compass;id_Lang. Linguistics Compass
J. Syst. Sci. Complex.;id_J. Syst. Sci. Complex.
Wirel. Sens. Netw.;id_Wirel. Sens. Netw.
ACM SIGCSE Bull.;id_ACM SIGCSE Bull.
J. Vis. Lang. Comput.;id_J. Vis. Lang. Comput.
J. Vis. Lang. Sentient Syst.;id_J. Vis. Lang. Sentient Syst.
Theor. Comput. Sci.;id_Theor. Comput. Sci.
NII Shonan Meet. Rep.;id_NII Shonan Meet. Rep.
EURO J. Transp. Logist.;id_EURO J. Transp. Logist.
Comput. Lang. Syst. Struct.;id_Comput. Lang. Syst. Struct.
Comput. Lang.;id_Comput. Lang.
ACM SIGMOD Digit. Rev.;id_ACM SIGMOD Digit. Rev.
Int. J. IT Stand. Stand. Res.;id_Int. J. IT Stand. Stand. Res.
IEEE Multim.;id_IEEE Multim.
Comput. Electr. Eng.;id_Comput. Electr. Eng.
ACM Trans. Speech Lang. Process.;id_ACM Trans. Speech Lang. Process.
Lit. Linguistic Comput.;id_Lit. Linguistic Comput.
Digit. Scholarsh. Humanit.;id_Digit. Scholarsh. Humanit.
J. Philos. Log.;id_J. Philos. Log.
Int. J. Math. Math. Sci.;id_Int. J. Math. Math. Sci.
Comput. Math. Methods Medicine;id_Comput. Math. Methods Medicine
World Wide Web J.;id_World Wide Web J.
Int. J. Speech Technol.;id_Int. J. Speech Technol.
ACM SIGSOFT Softw. Eng. Notes;id_ACM SIGSOFT Softw. Eng. Notes
Inf. Retr. J.;id_Inf. Retr. J.
Inf. Retr.;id_Inf. Retr.
Int. J. Funct. Informatics Pers. Medicine;id_Int. J. Funct. Informatics Pers. Medicine
IEEE Trans. Parallel Distributed Syst.;id_IEEE Trans. Parallel Distributed Syst.
Oper. Res. Lett.;id_Oper. Res. Lett.
Enterp. Model. Inf. Syst. Archit. Int. J. Concept. Model.;id_Enterp. Model. Inf. Syst. Archit. Int. J. Concept. Model.
J. Parallel Distributed Comput.;id_J. Parallel Distributed Comput.
IEEE Trans. Computational Imaging;id_IEEE Trans. Computational Imaging
J. Sens. Actuator Networks;id_J. Sens. Actuator Networks
J. Digit. Inf. Manag.;id_J. Digit. Inf. Manag.
EURASIP J. Image Video Process.;id_EURASIP J. Image Video Process.
Computación y Sistemas;id_Computación y Sistemas
Secur. Priv.;id_Secur. Priv.
IEEE Trans. Auton. Ment. Dev.;id_IEEE Trans. Auton. Ment. Dev.
IEEE Trans. Cogn. Dev. Syst.;id_IEEE Trans. Cogn. Dev. Syst.
J. High Speed Networks;id_J. High Speed Networks
IEEE Trans. Circuits Syst. Video Technol.;id_IEEE Trans. Circuits Syst. Video Technol.
Int. J. Technol. Educ. Mark.;id_Int. J. Technol. Educ. Mark.
Microprocess. Microsystems;id_Microprocess. Microsystems
Microprocess.;id_Microprocess.
Swarm Intell.;id_Swarm Intell.
Inf.;id_Inf.
Comput. Stat.;id_Comput. Stat.
Comput. Stand. Interfaces;id_Comput. Stand. Interfaces
J. Satisf. Boolean Model. Comput.;id_J. Satisf. Boolean Model. Comput.
Comput. Sci. Rev.;id_Comput. Sci. Rev.
Educ. Inf. Technol.;id_Educ. Inf. Technol.
IEEE Trans. Netw. Serv. Manag.;id_IEEE Trans. Netw. Serv. Manag.
J. Comput. Syst. Sci.;id_J. Comput. Syst. Sci.
Int. J. Metaheuristics;id_Int. J. Metaheuristics
ACM Trans. Inf. Syst.;id_ACM Trans. Inf. Syst.
SIAM/ASA J. Uncertain. Quantification;id_SIAM/ASA J. Uncertain. Quantification
IEEE Trans. Syst. Man Cybern. Part B;id_IEEE Trans. Syst. Man Cybern. Part B
IEEE Trans. Syst. Man Cybern.;id_IEEE Trans. Syst. Man Cybern.
IEEE Trans. Syst. Man Cybern. Part A;id_IEEE Trans. Syst. Man Cybern. Part A
IEEE Trans. Syst. Man Cybern. Part C;id_IEEE Trans. Syst. Man Cybern. Part C
IEEE Trans. Syst. Man Cybern. Syst.;id_IEEE Trans. Syst. Man Cybern. Syst.
J. Intell. Manuf.;id_J. Intell. Manuf.
Comput. Geosci.;id_Comput. Geosci.
Int. J. Intell. Inf. Database Syst.;id_Int. J. Intell. Inf. Database Syst.
SIAM Rev.;id_SIAM Rev.
Int. J. Serv. Technol. Manag.;id_Int. J. Serv. Technol. Manag.
Int. J. Intell. Transp. Syst. Res.;id_Int. J. Intell. Transp. Syst. Res.
Briefings Bioinform.;id_Briefings Bioinform.
Database J. Biol. Databases Curation;id_Database J. Biol. Databases Curation
Int. J. Inf. Commun. Technol. Hum. Dev.;id_Int. J. Inf. Commun. Technol. Hum. Dev.
IEEE Trans. Games;id_IEEE Trans. Games
IEEE Trans. Comput. Intell. AI Games;id_IEEE Trans. Comput. Intell. AI Games
J. Cell. Autom.;id_J. Cell. Autom.
Exp. Math.;id_Exp. Math.
Netw. Protoc. Algorithms;id_Netw. Protoc. Algorithms
J. Artif. Gen. Intell.;id_J. Artif. Gen. Intell.
Mach. Learn.;id_Mach. Learn.
Presence Teleoperators Virtual Environ.;id_Presence Teleoperators Virtual Environ.
J. Funct. Log. Program.;id_J. Funct. Log. Program.
Int. J. Geogr. Inf. Sci.;id_Int. J. Geogr. Inf. Sci.
J. Database Manag.;id_J. Database Manag.
Parallel Comput.;id_Parallel Comput.
OR Insight;id_OR Insight
Annu. Rev. Control.;id_Annu. Rev. Control.
Int. J. Mob. Learn. Organisation;id_Int. J. Mob. Learn. Organisation
J. Appl. Math.;id_J. Appl. Math.
Int. J. IT Bus. Alignment Gov.;id_Int. J. IT Bus. Alignment Gov.
IEEE Syst. J.;id_IEEE Syst. J.
J. Comput. Des. Eng.;id_J. Comput. Des. Eng.
Neural Comput.;id_Neural Comput.
Inf. Resour. Manag. J.;id_Inf. Resour. Manag. J.
Comput. Animat. Virtual Worlds;id_Comput. Animat. Virtual Worlds
J. Circuits Syst. Comput.;id_J. Circuits Syst. Comput.
Int. J. Artif. Intell. Tools;id_Int. J. Artif. Intell. Tools
Int. J. Multim. Data Eng. Manag.;id_Int. J. Multim. Data Eng. Manag.
Electron. J. Graph Theory Appl.;id_Electron. J. Graph Theory Appl.
Math. Methods Oper. Res.;id_Math. Methods Oper. Res.
ZOR Methods Model. Oper. Res.;id_ZOR Methods Model. Oper. Res.
Z. Oper. Research;id_Z. Oper. Research
Unternehmensforschung;id_Unternehmensforschung
Hum. Factors;id_Hum. Factors
Int. J. Wirel. Networks Broadband Technol.;id_Int. J. Wirel. Networks Broadband Technol.
Art Discret. Appl. Math.;id_Art Discret. Appl. Math.
Found. Trends Program. Lang.;id_Found. Trends Program. Lang.
IEEE Pervasive Comput.;id_IEEE Pervasive Comput.
Source Code Biol. Medicine;id_Source Code Biol. Medicine
Open J. Semantic Web;id_Open J. Semantic Web
Int. J. Data Min. Model. Manag.;id_Int. J. Data Min. Model. Manag.
Minds Mach.;id_Minds Mach.
AI Mag.;id_AI Mag.
Comput. Vis. Media;id_Comput. Vis. Media
Int. J. Soc. Humanist. Comput.;id_Int. J. Soc. Humanist. Comput.
Nucleic Acids Res.;id_Nucleic Acids Res.
Micromachines;id_Micromachines
Int. J. Biomed. Imaging;id_Int. J. Biomed. Imaging
Int. J. Bio Inspired Comput.;id_Int. J. Bio Inspired Comput.
J. Digit. Imaging;id_J. Digit. Imaging
IEEE Trans. Comput. Aided Des. Integr. Circuits Syst.;id_IEEE Trans. Comput. Aided Des. Integr. Circuits Syst.
IPSJ Trans. Comput. Vis. Appl.;id_IPSJ Trans. Comput. Vis. Appl.
ACM J. Exp. Algorithmics;id_ACM J. Exp. Algorithmics
J. Open Source Softw.;id_J. Open Source Softw.
Int. J. Granul. Comput. Rough Sets Intell. Syst.;id_Int. J. Granul. Comput. Rough Sets Intell. Syst.
Neurocomputing;id_Neurocomputing
Prod. Eng.;id_Prod. Eng.
Int. J. Parallel Emergent Distributed Syst.;id_Int. J. Parallel Emergent Distributed Syst.
Parallel Algorithms Appl.;id_Parallel Algorithms Appl.
AKCE Int. J. Graphs Comb.;id_AKCE Int. J. Graphs Comb.
IEEE Commun. Surv. Tutorials;id_IEEE Commun. Surv. Tutorials
J. Electron. Commer. Organ.;id_J. Electron. Commer. Organ.
Art Sci. Eng. Program.;id_Art Sci. Eng. Program.
J. Organ. End User Comput.;id_J. Organ. End User Comput.
J. Rail Transp. Plan. Manag.;id_J. Rail Transp. Plan. Manag.
Inf. Syst. J.;id_Inf. Syst. J.
Manuf. Serv. Oper. Manag.;id_Manuf. Serv. Oper. Manag.
ACM Trans. Intell. Syst. Technol.;id_ACM Trans. Intell. Syst. Technol.
J. Internet Serv. Inf. Secur.;id_J. Internet Serv. Inf. Secur.
Informatica Didact.;id_Informatica Didact.
Big Data Cogn. Comput.;id_Big Data Cogn. Comput.
J. ACM;id_J. ACM
J. Artif. Intell. Res.;id_J. Artif. Intell. Res.
J. Informetrics;id_J. Informetrics
Int. J. Imaging Syst. Technol.;id_Int. J. Imaging Syst. Technol.
J. Appl. Probab.;id_J. Appl. Probab.
IEEE Trans. Robotics;id_IEEE Trans. Robotics
IEEE Trans. Robotics Autom.;id_IEEE Trans. Robotics Autom.
IEEE J. Robotics Autom.;id_IEEE J. Robotics Autom.
Int. J. Eng. Pedagog.;id_Int. J. Eng. Pedagog.
Acta Informatica Pragensia;id_Acta Informatica Pragensia
ACM Trans. Archit. Code Optim.;id_ACM Trans. Archit. Code Optim.
Int. J. Comput. Math. Comput. Syst. Theory;id_Int. J. Comput. Math. Comput. Syst. Theory
Comput. Manag. Sci.;id_Comput. Manag. Sci.
Electron. Colloquium Comput. Complex.;id_Electron. Colloquium Comput. Complex.
LOPLAS;id_LOPLAS
Informatica (Slovenia);id_Informatica (Slovenia)
Int. J. Netw. Comput.;id_Int. J. Netw. Comput.
Inf. Syst. Res.;id_Inf. Syst. Res.
IEEE Intell. Informatics Bull.;id_IEEE Intell. Informatics Bull.
IEEE Trans. Control. Syst. Technol.;id_IEEE Trans. Control. Syst. Technol.
Graphs Comb.;id_Graphs Comb.
Serv. Oriented Comput. Appl.;id_Serv. Oriented Comput. Appl.
IEEE J. Sel. Areas Commun.;id_IEEE J. Sel. Areas Commun.
Int. J. Radio Freq. Identif. Technol. Appl.;id_Int. J. Radio Freq. Identif. Technol. Appl.
J. Comb. Theory, Ser. A;id_J. Comb. Theory, Ser. A
ACM Trans. Auton. Adapt. Syst.;id_ACM Trans. Auton. Adapt. Syst.
Int. J. Circuit Theory Appl.;id_Int. J. Circuit Theory Appl.
Ledger;id_Ledger
Int. J. Ultra Wideband Commun. Syst.;id_Int. J. Ultra Wideband Commun. Syst.
Digit. Signal Process.;id_Digit. Signal Process.
Program. Comput. Softw.;id_Program. Comput. Softw.
Object Oriented Syst.;id_Object Oriented Syst.
Methods Log. Comput. Sci.;id_Methods Log. Comput. Sci.
Intell. Data Anal.;id_Intell. Data Anal.
Enterp. Inf. Syst.;id_Enterp. Inf. Syst.
Sci. China Ser. F Inf. Sci.;id_Sci. China Ser. F Inf. Sci.
Sci. China Inf. Sci.;id_Sci. China Inf. Sci.
IxD&A;id_IxD&A
Frontiers Digit. Health;id_Frontiers Digit. Health
Educ. Inf.;id_Educ. Inf.
SIAM J. Appl. Algebra Geom.;id_SIAM J. Appl. Algebra Geom.
Hum. centric Comput. Inf. Sci.;id_Hum. centric Comput. Inf. Sci.
Comput.;id_Comput.
Program;id_Program
Data Technol. Appl.;id_Data Technol. Appl.
J. Discrete Algorithms;id_J. Discrete Algorithms
Stud Logica;id_Stud Logica
J. Simulation;id_J. Simulation
Spatial Cogn. Comput.;id_Spatial Cogn. Comput.
Adv. Data Anal. Classif.;id_Adv. Data Anal. Classif.
ACM Trans. Interact. Intell. Syst.;id_ACM Trans. Interact. Intell. Syst.
Int. J. Electron. Bus.;id_Int. J. Electron. Bus.
IEEE Trans. Biomed. Circuits Syst.;id_IEEE Trans. Biomed. Circuits Syst.
Int. J. Syst. Assur. Eng. Manag.;id_Int. J. Syst. Assur. Eng. Manag.
Comput. Sci. Eng.;id_Comput. Sci. Eng.
Int. J. Softw. Tools Technol. Transf.;id_Int. J. Softw. Tools Technol. Transf.
IEEE Wirel. Commun.;id_IEEE Wirel. Commun.
IEEE Computer Graphics and Applications;id_IEEE Computer Graphics and Applications
Sustain. Comput. Informatics Syst.;id_Sustain. Comput. Informatics Syst.
Proc. Natl. Acad. Sci. USA;id_Proc. Natl. Acad. Sci. USA
Int. J. Adv. Pervasive Ubiquitous Comput.;id_Int. J. Adv. Pervasive Ubiquitous Comput.
Concurr. Eng. Res. Appl.;id_Concurr. Eng. Res. Appl.
Bioinform.;id_Bioinform.
Comput. Appl. Biosci.;id_Comput. Appl. Biosci.
Int. J. Web Grid Serv.;id_Int. J. Web Grid Serv.
Int. J. Digit. Crime Forensics;id_Int. J. Digit. Crime Forensics
J. Networks;id_J. Networks
J. Netw. Syst. Manag.;id_J. Netw. Syst. Manag.
Autom. Control. Comput. Sci.;id_Autom. Control. Comput. Sci.
EAI Endorsed Trans. Self Adapt. Syst.;id_EAI Endorsed Trans. Self Adapt. Syst.
Comput. Sci. J. Moldova;id_Comput. Sci. J. Moldova
J. Electron. Test.;id_J. Electron. Test.
J. Formaliz. Reason.;id_J. Formaliz. Reason.
Electron. Commun. Eur. Assoc. Softw. Sci. Technol.;id_Electron. Commun. Eur. Assoc. Softw. Sci. Technol.
Theory Comput. Syst.;id_Theory Comput. Syst.
Math. Syst. Theory;id_Math. Syst. Theory
Bus. Process. Manag. J.;id_Bus. Process. Manag. J.
J. Multim. Process. Technol.;id_J. Multim. Process. Technol.
ACM Trans. Embed. Comput. Syst.;id_ACM Trans. Embed. Comput. Syst.
J. Assoc. Inf. Syst.;id_J. Assoc. Inf. Syst.
Int. J. Soc. Robotics;id_Int. J. Soc. Robotics
Int. J. Robotics Autom.;id_Int. J. Robotics Autom.
Int. J. Digit. Lit. Digit. Competence;id_Int. J. Digit. Lit. Digit. Competence
IEEE Trans. Signal Inf. Process. over Networks;id_IEEE Trans. Signal Inf. Process. over Networks
IEEE J. Sel. Top. Appl. Earth Obs. Remote. Sens.;id_IEEE J. Sel. Top. Appl. Earth Obs. Remote. Sens.
Internet Res.;id_Internet Res.
Int. J. Knowl. Soc. Res.;id_Int. J. Knowl. Soc. Res.
Int. J. Smart Educ. Urban Soc.;id_Int. J. Smart Educ. Urban Soc.
Found. Trends Theor. Comput. Sci.;id_Found. Trends Theor. Comput. Sci.
Int. J. Inf. Retr. Res.;id_Int. J. Inf. Retr. Res.
Int. J. Agric. Environ. Inf. Syst.;id_Int. J. Agric. Environ. Inf. Syst.
Int. J. Online Eng.;id_Int. J. Online Eng.
Int. J. Online Biomed. Eng.;id_Int. J. Online Biomed. Eng.
Proces. del Leng. Natural;id_Proces. del Leng. Natural
EURASIP J. Inf. Secur.;id_EURASIP J. Inf. Secur.
IEEE Trans. Software Eng.;id_IEEE Trans. Software Eng.
Int. J. Big Data Intell.;id_Int. J. Big Data Intell.
ACM Trans. Appl. Percept.;id_ACM Trans. Appl. Percept.
EMISA Forum;id_EMISA Forum
Numerische Mathematik;id_Numerische Mathematik
Int. J. Pervasive Comput. Commun.;id_Int. J. Pervasive Comput. Commun.
SIGecom Exch.;id_SIGecom Exch.
Libr. Trends;id_Libr. Trends
Int. J. Monit. Surveillance Technol. Res.;id_Int. J. Monit. Surveillance Technol. Res.
Int. J. Semantic Comput.;id_Int. J. Semantic Comput.
Comput. Vis. Sci.;id_Comput. Vis. Sci.
Int. J. Comput. Linguistics Chin. Lang. Process.;id_Int. J. Comput. Linguistics Chin. Lang. Process.
Int. J. Bus. Process. Integr. Manag.;id_Int. J. Bus. Process. Integr. Manag.
J. Comput. Phys. X;id_J. Comput. Phys. X
Trans. Assoc. Comput. Linguistics;id_Trans. Assoc. Comput. Linguistics
EAI Endorsed Trans. e Bus.;id_EAI Endorsed Trans. e Bus.
Int. J. Comb. Optim. Probl. Informatics;id_Int. J. Comb. Optim. Probl. Informatics
Interfaces;id_Interfaces
Logica Universalis;id_Logica Universalis
Int. J. Inf. Commun. Technol.;id_Int. J. Inf. Commun. Technol.
Int. J. Knowl. Based Intell. Eng. Syst.;id_Int. J. Knowl. Based Intell. Eng. Syst.
Int. J. Inf. Technol. Decis. Mak.;id_Int. J. Inf. Technol. Decis. Mak.
Rev. Colomb. de Computación;id_Rev. Colomb. de Computación
J. Locat. Based Serv.;id_J. Locat. Based Serv.
SIAM J. Matrix Anal. Appl.;id_SIAM J. Matrix Anal. Appl.
Int. J. Serv. Stand.;id_Int. J. Serv. Stand.
Wirel. Pers. Commun.;id_Wirel. Pers. Commun.
EAI Endorsed Trans. Creative Technol.;id_EAI Endorsed Trans. Creative Technol.
Int. J. Commun. Networks Inf. Secur.;id_Int. J. Commun. Networks Inf. Secur.
Adv. Bioinformatics;id_Adv. Bioinformatics
Public Transp.;id_Public Transp.
IEEE Trans. Inf. Theory;id_IEEE Trans. Inf. Theory
IRE Trans. Inf. Theory;id_IRE Trans. Inf. Theory
Trans. IRE Prof. Group Inf. Theory;id_Trans. IRE Prof. Group Inf. Theory
EAI Endorsed Trans. Security Safety;id_EAI Endorsed Trans. Security Safety
Int. J. Inf. Technol. Proj. Manag.;id_Int. J. Inf. Technol. Proj. Manag.
Int. J. E Politics;id_Int. J. E Politics
Int. J. Dependable Trust. Inf. Syst.;id_Int. J. Dependable Trust. Inf. Syst.
ACM J. Emerg. Technol. Comput. Syst.;id_ACM J. Emerg. Technol. Comput. Syst.
Russ. Digit. Libr. J.;id_Russ. Digit. Libr. J.
Open J. Databases;id_Open J. Databases
New Media Soc.;id_New Media Soc.
Informing Sci. Int. J. an Emerg. Transdiscipl.;id_Informing Sci. Int. J. an Emerg. Transdiscipl.
Cartogr. Int. J. Geogr. Inf. Geovisualization;id_Cartogr. Int. J. Geogr. Inf. Geovisualization
Connect. Sci.;id_Connect. Sci.
EAI Endorsed Trans. Serious Games;id_EAI Endorsed Trans. Serious Games
Trans. Data Hiding Multim. Secur.;id_Trans. Data Hiding Multim. Secur.
AStA Wirtschafts und Sozialstatistisches Arch.;id_AStA Wirtschafts und Sozialstatistisches Arch.
Found. Trends Hum. Comput. Interact.;id_Found. Trends Hum. Comput. Interact.
Sci.;id_Sci.
Ind. Manag. Data Syst.;id_Ind. Manag. Data Syst.
New Rev. Hypermedia Multim.;id_New Rev. Hypermedia Multim.
J. Knowl. Manag.;id_J. Knowl. Manag.
IEEE Trans. Vis. Comput. Graph.;id_IEEE Trans. Vis. Comput. Graph.
J. Phonetics;id_J. Phonetics
Adv. Data Sci. Adapt. Anal.;id_Adv. Data Sci. Adapt. Anal.
Microelectron. J.;id_Microelectron. J.
Proc. ACM Comput. Graph. Interact. Tech.;id_Proc. ACM Comput. Graph. Interact. Tech.
Int. J. Auton. Adapt. Commun. Syst.;id_Int. J. Auton. Adapt. Commun. Syst.
Geo spatial Inf. Sci.;id_Geo spatial Inf. Sci.
Poiesis Prax.;id_Poiesis Prax.
IEEE Trans. Knowl. Data Eng.;id_IEEE Trans. Knowl. Data Eng.
J. Inf. Syst.;id_J. Inf. Syst.
Int. J. Hum. Comput. Interact.;id_Int. J. Hum. Comput. Interact.
Int. J. Neural Syst.;id_Int. J. Neural Syst.
J. Inf. Technol. Constr.;id_J. Inf. Technol. Constr.
Leibniz Trans. Embed. Syst.;id_Leibniz Trans. Embed. Syst.
ACM Trans. Design Autom. Electr. Syst.;id_ACM Trans. Design Autom. Electr. Syst.
Comput. Appl. Eng. Educ.;id_Comput. Appl. Eng. Educ.
Int. J. RF Technol. Res. Appl.;id_Int. J. RF Technol. Res. Appl.
MMI Interakt.;id_MMI Interakt.
ACM SIGMOD Anthology;id_ACM SIGMOD Anthology
Angew. Inform.;id_Angew. Inform.
Wirtsch.;id_Wirtsch.
J. Comput. Res. Dev.;id_J. Comput. Res. Dev.
J. Membr. Comput.;id_J. Membr. Comput.
J. Glob. Optim.;id_J. Glob. Optim.
IEEE Trans. Consumer Electron.;id_IEEE Trans. Consumer Electron.
Inf. Manag.;id_Inf. Manag.
Trans. Rough Sets;id_Trans. Rough Sets
Int. J. Math. Model. Numer. Optimisation;id_Int. J. Math. Model. Numer. Optimisation
Found. Trends Mach. Learn.;id_Found. Trends Mach. Learn.
Eur. Trans. Telecommun.;id_Eur. Trans. Telecommun.
Trans. Emerg. Telecommun. Technol.;id_Trans. Emerg. Telecommun. Technol.
Int. J. Intell. Eng. Informatics;id_Int. J. Intell. Eng. Informatics
IJIEI;id_IJIEI
IEEE Trans. Multim.;id_IEEE Trans. Multim.
Int. J. Comput. Model. Algorithms Medicine;id_Int. J. Comput. Model. Algorithms Medicine
CoRR;id_CoRR
Log. Methods Comput. Sci.;id_Log. Methods Comput. Sci.
J. Syst. Control. Eng.;id_J. Syst. Control. Eng.
Adv. Eng. Informatics;id_Adv. Eng. Informatics
Artif. Intell. Eng.;id_Artif. Intell. Eng.
Markup Lang.;id_Markup Lang.
IET Commun.;id_IET Commun.
Adv. Multim.;id_Adv. Multim.
Int. J. Ad Hoc Ubiquitous Comput.;id_Int. J. Ad Hoc Ubiquitous Comput.
Int. J. Inf. Technol. Syst. Approach;id_Int. J. Inf. Technol. Syst. Approach
J. Netw. Intell.;id_J. Netw. Intell.
Bull. IEEE Tech. Comm. Digit. Libr.;id_Bull. IEEE Tech. Comm. Digit. Libr.
J. Numer. Cogn.;id_J. Numer. Cogn.
Prog. Artif. Intell.;id_Prog. Artif. Intell.
J. Appl. Non Class. Logics;id_J. Appl. Non Class. Logics
Publ.;id_Publ.
Int. J. Electron. Commer.;id_Int. J. Electron. Commer.
Trans. Petri Nets Other Model. Concurr.;id_Trans. Petri Nets Other Model. Concurr.
J. Big Data;id_J. Big Data
Int. J. Oper. Res. Inf. Syst.;id_Int. J. Oper. Res. Inf. Syst.
Comput. Linguistics;id_Comput. Linguistics
Am. J. Comput. Linguistics;id_Am. J. Comput. Linguistics
Int. J. Hybrid Intell. Syst.;id_Int. J. Hybrid Intell. Syst.
J. Netw. Comput. Appl.;id_J. Netw. Comput. Appl.
Australas. J. Inf. Syst.;id_Australas. J. Inf. Syst.
Decis. Sci.;id_Decis. Sci.
Memetic Comput.;id_Memetic Comput.
IGTR;id_IGTR
Int. J. Artif. Intell. Soft Comput.;id_Int. J. Artif. Intell. Soft Comput.
J. Web Eng.;id_J. Web Eng.
IEEE Trans. Affect. Comput.;id_IEEE Trans. Affect. Comput.
Soft Comput.;id_Soft Comput.
Swarm Evol. Comput.;id_Swarm Evol. Comput.
Hum. Comput.;id_Hum. Comput.
Int. J. Knowl. Learn.;id_Int. J. Knowl. Learn.
J. Commun. Inf. Networks;id_J. Commun. Inf. Networks
Comput. Chem.;id_Comput. Chem.
Comput. Biol. Chem.;id_Comput. Biol. Chem.
ACM Comput. Surv.;id_ACM Comput. Surv.
Int. J. Multim. Inf. Retr.;id_Int. J. Multim. Inf. Retr.
Autom. Remote. Control.;id_Autom. Remote. Control.
ACM Trans. Cyber Phys. Syst.;id_ACM Trans. Cyber Phys. Syst.
Int. J. Inf. Syst. Crisis Response Manag.;id_Int. J. Inf. Syst. Crisis Response Manag.
Appl. Soft Comput.;id_Appl. Soft Comput.
Frontiers Comput. Sci.;id_Frontiers Comput. Sci.
J. Web Semant.;id_J. Web Semant.
Int. J. Inf. Technol. Manag.;id_Int. J. Inf. Technol. Manag.
J. Web Sci.;id_J. Web Sci.
Inf. Syst. Manag.;id_Inf. Syst. Manag.
Glottometrics;id_Glottometrics
Bull. EATCS;id_Bull. EATCS
J. Complex.;id_J. Complex.
Pattern Anal. Appl.;id_Pattern Anal. Appl.
Mob. Networks Appl.;id_Mob. Networks Appl.
Int. J. Gen. Syst.;id_Int. J. Gen. Syst.
J. Artif. Intell. Soft Comput. Res.;id_J. Artif. Intell. Soft Comput. Res.
Int. Arab J. Inf. Technol.;id_Int. Arab J. Inf. Technol.
Proc. VLDB Endow.;id_Proc. VLDB Endow.
Data Qual. J.;id_Data Qual. J.
Opt. Switch. Netw.;id_Opt. Switch. Netw.
Nano Commun. Networks;id_Nano Commun. Networks
IEEE Trans. Engineering Management;id_IEEE Trans. Engineering Management
Complex Syst. Informatics Model. Q.;id_Complex Syst. Informatics Model. Q.
Math. Oper. Res.;id_Math. Oper. Res.
Distributed Parallel Databases;id_Distributed Parallel Databases
J. Comput. Sci. Eng.;id_J. Comput. Sci. Eng.
Int. J. Comput. Assist. Radiol. Surg.;id_Int. J. Comput. Assist. Radiol. Surg.
Eur. J. Oper. Res.;id_Eur. J. Oper. Res.
J. Aerosp. Comput. Inf. Commun.;id_J. Aerosp. Comput. Inf. Commun.
J. Aerosp. Inf. Syst.;id_J. Aerosp. Inf. Syst.
Appl. Math. Lett.;id_Appl. Math. Lett.
J. Bioinform. Comput. Biol.;id_J. Bioinform. Comput. Biol.
ARIMA J.;id_ARIMA J.
Ars Comb.;id_Ars Comb.
ACM Trans. Soc. Comput.;id_ACM Trans. Soc. Comput.
Math. Comput. Sci.;id_Math. Comput. Sci.
Silico Biol.;id_Silico Biol.
J. Libr. Inf. Sci.;id_J. Libr. Inf. Sci.
J. Inf. Technol. Res.;id_J. Inf. Technol. Res.
Scientometrics;id_Scientometrics
J. Res. Pract. Inf. Technol.;id_J. Res. Pract. Inf. Technol.
Aust. Comput. J.;id_Aust. Comput. J.
Int. J. Comput. Biol. Drug Des.;id_Int. J. Comput. Biol. Drug Des.
Numer. Algorithms;id_Numer. Algorithms
Discret. Appl. Math.;id_Discret. Appl. Math.
Comput. Games J.;id_Comput. Games J.
J. Ubiquitous Syst. Pervasive Networks;id_J. Ubiquitous Syst. Pervasive Networks
Comput. Vis. Graph. Image Process.;id_Comput. Vis. Graph. Image Process.
CVGIP Graph. Model. Image Process.;id_CVGIP Graph. Model. Image Process.
Graph. Model.;id_Graph. Model.
Comput. Graph. Image Process.;id_Comput. Graph. Image Process.
Graph. Model. Image Process.;id_Graph. Model. Image Process.
J. Approx. Theory;id_J. Approx. Theory
Discret. Math. Algorithms Appl.;id_Discret. Math. Algorithms Appl.
Comput. Syst. Sci. Eng.;id_Comput. Syst. Sci. Eng.
Int. J. Manuf. Mater. Mech. Eng.;id_Int. J. Manuf. Mater. Mech. Eng.
Electron. Netw. Res. Appl. Policy;id_Electron. Netw. Res. Appl. Policy
Int. J. Inf. Syst. Model. Des.;id_Int. J. Inf. Syst. Model. Des.
Int. J. Secur. Networks;id_Int. J. Secur. Networks
J. Medical Syst.;id_J. Medical Syst.
Int. J. Distributed Sens. Networks;id_Int. J. Distributed Sens. Networks
Math. Program.;id_Math. Program.
BMC Medical Informatics Decis. Mak.;id_BMC Medical Informatics Decis. Mak.
IET Cyper-Phys. Syst.: Theory & Appl.;id_IET Cyper-Phys. Syst.: Theory & Appl.
Int. J. Swarm Intell. Res.;id_Int. J. Swarm Intell. Res.
IEEE Trans. Pattern Anal. Mach. Intell.;id_IEEE Trans. Pattern Anal. Mach. Intell.
IEEE Secur. Priv.;id_IEEE Secur. Priv.
Inf. Manag. Comput. Secur.;id_Inf. Manag. Comput. Secur.
Inf. Comput. Secur.;id_Inf. Comput. Secur.
Inf. Manag. Comput. Security;id_Inf. Manag. Comput. Security
Sci. Robotics;id_Sci. Robotics
AIS Trans. Hum. Comput. Interact.;id_AIS Trans. Hum. Comput. Interact.
J. Next Gener. Inf. Technol.;id_J. Next Gener. Inf. Technol.
login Usenix Mag.;id_login Usenix Mag.
J. Percept. Imaging;id_J. Percept. Imaging
J. Electr. Comput. Eng.;id_J. Electr. Comput. Eng.
J. Low Power Electron.;id_J. Low Power Electron.
Int. J. Soc. Organ. Dyn. IT;id_Int. J. Soc. Organ. Dyn. IT
Int. J. Intell. Comput. Cybern.;id_Int. J. Intell. Comput. Cybern.
Int. J. Inf. Technol. Commun. Convergence;id_Int. J. Inf. Technol. Commun. Convergence
IEEE Softw.;id_IEEE Softw.
J. Organ. Comput. Electron. Commer.;id_J. Organ. Comput. Electron. Commer.
J. Organ. Comput.;id_J. Organ. Comput.
Int. J. Fuzzy Syst. Appl.;id_Int. J. Fuzzy Syst. Appl.
J. Comput. Secur.;id_J. Comput. Secur.
J. Sci. Comput.;id_J. Sci. Comput.
Trans. Mass Data Anal. Images Signals;id_Trans. Mass Data Anal. Images Signals
Int. J. Data Anal. Tech. Strateg.;id_Int. J. Data Anal. Tech. Strateg.
IJDATS;id_IJDATS
ACM Trans. Model. Perform. Evaluation Comput. Syst.;id_ACM Trans. Model. Perform. Evaluation Comput. Syst.
Digit. Tech. J.;id_Digit. Tech. J.
IEEE Trans. Educ.;id_IEEE Trans. Educ.
ACM Trans. Parallel Comput.;id_ACM Trans. Parallel Comput.
IEEE Intell. Transp. Syst. Mag.;id_IEEE Intell. Transp. Syst. Mag.
J. Multivar. Anal.;id_J. Multivar. Anal.
Inf. Technol. People;id_Inf. Technol. People
Am. Math. Mon.;id_Am. Math. Mon.
J. Artif. Soc. Soc. Simul.;id_J. Artif. Soc. Soc. Simul.
J. Comput. Lang.;id_J. Comput. Lang.
Int. J. Web Based Learn. Teach. Technol.;id_Int. J. Web Based Learn. Teach. Technol.
Int. J. Eng. Soc. Justice Peace;id_Int. J. Eng. Soc. Justice Peace
Computer und Recht;id_Computer und Recht
Comput. und Recht;id_Comput. und Recht
Inf. Wiss. Prax.;id_Inf. Wiss. Prax.
Nachrichten Dok.;id_Nachrichten Dok.
Int. J. Enterp. Inf. Syst.;id_Int. J. Enterp. Inf. Syst.
Interact. Technol. Smart Educ.;id_Interact. Technol. Smart Educ.
Int. J. Crit. Infrastructures;id_Int. J. Crit. Infrastructures
Int. J. Manuf. Technol. Manag.;id_Int. J. Manuf. Technol. Manag.
Medical Biol. Eng. Comput.;id_Medical Biol. Eng. Comput.
EAI Endorsed Trans. Cogn. Commun.;id_EAI Endorsed Trans. Cogn. Commun.
PeerJ Prepr.;id_PeerJ Prepr.
J. Comput. Assist. Learn.;id_J. Comput. Assist. Learn.
Discret. Optim.;id_Discret. Optim.
Int. J. Interact. Multim. Artif. Intell.;id_Int. J. Interact. Multim. Artif. Intell.
Int. J. Mob. Blended Learn.;id_Int. J. Mob. Blended Learn.
IEEE Trans. Signal Process.;id_IEEE Trans. Signal Process.
IEEE Trans. Acoust. Speech Signal Process.;id_IEEE Trans. Acoust. Speech Signal Process.
Genet. Program. Evolvable Mach.;id_Genet. Program. Evolvable Mach.
Int. J. Cyber Warf. Terror.;id_Int. J. Cyber Warf. Terror.
ACM Trans. Softw. Eng. Methodol.;id_ACM Trans. Softw. Eng. Methodol.
Int. J. Softw. Informatics;id_Int. J. Softw. Informatics
CCF Trans. Pervasive Comput. Interact.;id_CCF Trans. Pervasive Comput. Interact.
Wirel. Networks;id_Wirel. Networks
IEEE Netw.;id_IEEE Netw.
Schedae Informaticae;id_Schedae Informaticae
IEEE Trans. Sustain. Comput.;id_IEEE Trans. Sustain. Comput.
Document Numérique;id_Document Numérique
Cogn. Process.;id_Cogn. Process.
Trans. Comput. Sci.;id_Trans. Comput. Sci.
Coll. Res. Libr.;id_Coll. Res. Libr.
Comput. Meas. Group Trans.;id_Comput. Meas. Group Trans.
Int. J. Commun. Networks Distributed Syst.;id_Int. J. Commun. Networks Distributed Syst.
SIGIR Forum;id_SIGIR Forum
Math. Comput.;id_Math. Comput.
Digit. Gov. Res. Pract.;id_Digit. Gov. Res. Pract.
Commun. ACM;id_Commun. ACM
ACM Trans. Model. Comput. Simul.;id_ACM Trans. Model. Comput. Simul.
LNCS Trans. Aspect Oriented Softw. Dev.;id_LNCS Trans. Aspect Oriented Softw. Dev.
LNCS Trans. Modul. Compos.;id_LNCS Trans. Modul. Compos.
J. Appl. Log.;id_J. Appl. Log.
J. Comput. Virol.;id_J. Comput. Virol.
J. Comput. Virol. Hacking Tech.;id_J. Comput. Virol. Hacking Tech.
Eur. J. Inf. Syst.;id_Eur. J. Inf. Syst.
EJIS;id_EJIS
J. Data Min. Digit. Humanit.;id_J. Data Min. Digit. Humanit.
Int. J. Artif. Life Res.;id_Int. J. Artif. Life Res.
Internet Technol. Lett.;id_Internet Technol. Lett.
Math. Soc. Sci.;id_Math. Soc. Sci.
IEEE Trans. Green Commun. Netw.;id_IEEE Trans. Green Commun. Netw.
Open J. Inf. Syst.;id_Open J. Inf. Syst.
Reports Math. Log.;id_Reports Math. Log.
Games;id_Games
Multiscale Model. Simul.;id_Multiscale Model. Simul.
Int. Arab. J. e Technol.;id_Int. Arab. J. e Technol.
Groups Complex. Cryptol.;id_Groups Complex. Cryptol.
Int. J. Found. Comput. Sci.;id_Int. J. Found. Comput. Sci.
Future Gener. Comput. Syst.;id_Future Gener. Comput. Syst.
Int. J. Appl. Earth Obs. Geoinformation;id_Int. J. Appl. Earth Obs. Geoinformation
Int. J. Serious Games;id_Int. J. Serious Games
Inf. Econ. Policy;id_Inf. Econ. Policy
Int. J. Comput. Heal.;id_Int. J. Comput. Heal.
Int. J. Humanoid Robotics;id_Int. J. Humanoid Robotics
Comput. Law Secur. Rev.;id_Comput. Law Secur. Rev.
Inform. Spektrum;id_Inform. Spektrum
EAI Endorsed Trans. Collab. Comput.;id_EAI Endorsed Trans. Collab. Comput.
Bio Algorithms Med Syst.;id_Bio Algorithms Med Syst.
ACM Trans. Storage;id_ACM Trans. Storage
Logist. Res.;id_Logist. Res.
Scalable Comput. Pract. Exp.;id_Scalable Comput. Pract. Exp.
Biomed. Signal Process. Control.;id_Biomed. Signal Process. Control.
Evol. Syst.;id_Evol. Syst.
Soc. Networks;id_Soc. Networks
Int. J. Inf. Acquis.;id_Int. J. Inf. Acquis.
RFC;id_RFC
IEEE Signal Process. Mag.;id_IEEE Signal Process. Mag.
Secur. Commun. Networks;id_Secur. Commun. Networks
Cybern. Syst.;id_Cybern. Syst.
Ann. Softw. Eng.;id_Ann. Softw. Eng.
Sci. Ann. Cuza Univ.;id_Sci. Ann. Cuza Univ.
Sci. Ann. Comput. Sci.;id_Sci. Ann. Comput. Sci.
ACM Trans. Manag. Inf. Syst.;id_ACM Trans. Manag. Inf. Syst.
Int. J. Hum. Comput. Stud.;id_Int. J. Hum. Comput. Stud.
Int. J. Man Mach. Stud.;id_Int. J. Man Mach. Stud.
Int. J. Inf. Commun. Technol. Educ.;id_Int. J. Inf. Commun. Technol. Educ.
MIS Q. Executive;id_MIS Q. Executive
Adv. Model. Simul. Eng. Sci.;id_Adv. Model. Simul. Eng. Sci.
Inf. Organ.;id_Inf. Organ.
Mech. Transl. Comput. Linguistics;id_Mech. Transl. Comput. Linguistics
Electron. Publ.;id_Electron. Publ.
Ann. Pure Appl. Log.;id_Ann. Pure Appl. Log.
Ann. Math. Log.;id_Ann. Math. Log.
Ann. Pure Appl. Logic;id_Ann. Pure Appl. Logic
Quantum Mach. Intell.;id_Quantum Mach. Intell.
Cybern. Hum. Knowing;id_Cybern. Hum. Knowing
Appl. Intell.;id_Appl. Intell.
Nat. Lang. Eng.;id_Nat. Lang. Eng.
Earth Sci. Informatics;id_Earth Sci. Informatics
Health Inf. Sci. Syst.;id_Health Inf. Sci. Syst.
Robotica;id_Robotica
Int. J. Bus. Perform. Supply Chain Model.;id_Int. J. Bus. Perform. Supply Chain Model.
Game Stud.;id_Game Stud.
Perform. Evaluation;id_Perform. Evaluation
IEEE CAA J. Autom. Sinica;id_IEEE CAA J. Autom. Sinica
AGIT Journal Angew. Geoinformatik;id_AGIT Journal Angew. Geoinformatik
Comput. Biol. Medicine;id_Comput. Biol. Medicine
J. Glob. Inf. Manag.;id_J. Glob. Inf. Manag.
Int. J. Mob. Comput. Multim. Commun.;id_Int. J. Mob. Comput. Multim. Commun.
Int. J. Medical Eng. Informatics;id_Int. J. Medical Eng. Informatics
Knowl. Based Syst.;id_Knowl. Based Syst.
Microelectron. Reliab.;id_Microelectron. Reliab.
J. Telecommun. High Technol. Law;id_J. Telecommun. High Technol. Law
IEEE Trans. Inf. Forensics Secur.;id_IEEE Trans. Inf. Forensics Secur.
IEEE J. Emerg. Sel. Topics Circuits Syst.;id_IEEE J. Emerg. Sel. Topics Circuits Syst.
Int. J. Digit. EVid.;id_Int. J. Digit. EVid.
Smart Comput. Rev.;id_Smart Comput. Rev.
Int. J. Bus. Intell. Res.;id_Int. J. Bus. Intell. Res.
Asymptot. Anal.;id_Asymptot. Anal.
Biol. Cybern.;id_Biol. Cybern.
Kybern.;id_Kybern.
Int. J. Fuzzy Syst.;id_Int. J. Fuzzy Syst.
Z. für Medienpsychologie;id_Z. für Medienpsychologie
J. Media Psychol. Theor. Methods Appl.;id_J. Media Psychol. Theor. Methods Appl.
J. Comput. Mediat. Commun.;id_J. Comput. Mediat. Commun.
Eng. Appl. Artif. Intell.;id_Eng. Appl. Artif. Intell.
J. Softw. Eng. Res. Dev.;id_J. Softw. Eng. Res. Dev.
Cogn. Syst. Res.;id_Cogn. Syst. Res.
J. Cases Inf. Technol.;id_J. Cases Inf. Technol.
Fuzzy Sets Syst.;id_Fuzzy Sets Syst.
J. Vis.;id_J. Vis.
EAI Endorsed Trans. Context aware Syst. Appl.;id_EAI Endorsed Trans. Context aware Syst. Appl.
Int. J. Commun. Netw. Syst. Sci.;id_Int. J. Commun. Netw. Syst. Sci.
Int. J. Bus. Intell. Data Min.;id_Int. J. Bus. Intell. Data Min.
J. Adv. Inf. Fusion;id_J. Adv. Inf. Fusion
J. Inf. Sci.;id_J. Inf. Sci.
Adv. Internet Things;id_Adv. Internet Things
Inf. Soc.;id_Inf. Soc.
Electron. Libr.;id_Electron. Libr.
J. Digit. Forensics Secur. Law;id_J. Digit. Forensics Secur. Law
J. Heuristics;id_J. Heuristics
Comput. Entertain.;id_Comput. Entertain.
Trans. Data Priv.;id_Trans. Data Priv.
J. Documentation;id_J. Documentation
EURASIP J. Bioinform. Syst. Biol.;id_EURASIP J. Bioinform. Syst. Biol.
Wirel. Eng. Technol.;id_Wirel. Eng. Technol.
ACM J. Educ. Resour. Comput.;id_ACM J. Educ. Resour. Comput.
ACM Trans. Comput. Educ.;id_ACM Trans. Comput. Educ.
Int. J. Crit. Comput. Based Syst.;id_Int. J. Crit. Comput. Based Syst.
Encycl. Semantic Comput. Robotic Intell.;id_Encycl. Semantic Comput. Robotic Intell.
IACR Trans. Cryptogr. Hardw. Embed. Syst.;id_IACR Trans. Cryptogr. Hardw. Embed. Syst.
High. Order Symb. Comput.;id_High. Order Symb. Comput.
LISP Symb. Comput.;id_LISP Symb. Comput.
ACM Trans. Sens. Networks;id_ACM Trans. Sens. Networks
Entropy;id_Entropy
Sci. Program.;id_Sci. Program.
J. Signal Process. Syst.;id_J. Signal Process. Syst.
J. VLSI Signal Process.;id_J. VLSI Signal Process.
Int. J. Qual. Assur. Eng. Technol. Educ.;id_Int. J. Qual. Assur. Eng. Technol. Educ.
Data Knowl. Eng.;id_Data Knowl. Eng.
SIGACT News;id_SIGACT News
J. Optim. Theory Appl.;id_J. Optim. Theory Appl.
J. Optimization Theory and Applications;id_J. Optimization Theory and Applications
Model. Assist. Stat. Appl.;id_Model. Assist. Stat. Appl.
J. Inform. and Commun. Convergence Engineering;id_J. Inform. and Commun. Convergence Engineering
Comput. Intell. Neurosci.;id_Comput. Intell. Neurosci.
Comp. Int. and Neurosc.;id_Comp. Int. and Neurosc.
IACR Cryptol. ePrint Arch.;id_IACR Cryptol. ePrint Arch.
EAI Endorsed Trans. Ambient Syst.;id_EAI Endorsed Trans. Ambient Syst.
J. Imaging;id_J. Imaging
Math. Comput. Model.;id_Math. Comput. Model.
Int. J. Biom.;id_Int. J. Biom.
PIK Prax. Informationsverarbeitung Kommun.;id_PIK Prax. Informationsverarbeitung Kommun.
Comput. Secur.;id_Comput. Secur.
Bell Labs Tech. J.;id_Bell Labs Tech. J.
Learn. Publ.;id_Learn. Publ.
J. Program. Lang.;id_J. Program. Lang.
Frontiers Big Data;id_Frontiers Big Data
EAI Endorsed Trans. Ubiquitous Environ.;id_EAI Endorsed Trans. Ubiquitous Environ.
Ecol. Informatics;id_Ecol. Informatics
IEEE Trans. Biom. Behav. Identity Sci.;id_IEEE Trans. Biom. Behav. Identity Sci.
Math. Found. Comput.;id_Math. Found. Comput.
Int. J. Ambient Comput. Intell.;id_Int. J. Ambient Comput. Intell.
IEEE Trans. Broadcast.;id_IEEE Trans. Broadcast.
ACM Trans. Comput. Theory;id_ACM Trans. Comput. Theory
Simul. Pract. Theory;id_Simul. Pract. Theory
Simul. Model. Pract. Theory;id_Simul. Model. Pract. Theory
Inf. Syst.;id_Inf. Syst.
J. Syst. Softw.;id_J. Syst. Softw.
J. Comput. Eng.;id_J. Comput. Eng.
IEEE Trans. Intell. Veh.;id_IEEE Trans. Intell. Veh.
Constraints An Int. J.;id_Constraints An Int. J.
Int. J. Comput. Linguistics Appl.;id_Int. J. Comput. Linguistics Appl.
Int. J. Digit. Libr. Syst.;id_Int. J. Digit. Libr. Syst.
Int. J. Asian Bus. Inf. Manag.;id_Int. J. Asian Bus. Inf. Manag.
Int. J. Soc. Media Interact. Learn. Environ.;id_Int. J. Soc. Media Interact. Learn. Environ.
J. Log. Lang. Inf.;id_J. Log. Lang. Inf.
Inf. Serv. Use;id_Inf. Serv. Use
Int. J. Networked Distributed Comput.;id_Int. J. Networked Distributed Comput.
SIAM J. Control. Optim.;id_SIAM J. Control. Optim.
SIAM J. Financial Math.;id_SIAM J. Financial Math.
Int. J. High Speed Comput.;id_Int. J. High Speed Comput.
Ingénierie des Systèmes d Inf.;id_Ingénierie des Systèmes d Inf.
J. Community Informatics;id_J. Community Informatics
Inf. Technol. Control.;id_Inf. Technol. Control.
Int. J. Strateg. Decis. Sci.;id_Int. J. Strateg. Decis. Sci.
IEEE Trans. Biomed. Eng.;id_IEEE Trans. Biomed. Eng.
Discret. Math.;id_Discret. Math.
Trans. GIS;id_Trans. GIS
Int. J. Creative Interfaces Comput. Graph.;id_Int. J. Creative Interfaces Comput. Graph.
Mark. Sci.;id_Mark. Sci.
J. Soc. Struct.;id_J. Soc. Struct.
IEEE Internet Things Mag.;id_IEEE Internet Things Mag.
Softw. Impacts;id_Softw. Impacts
Int. J. Shape Model.;id_Int. J. Shape Model.
Nord. J. Comput.;id_Nord. J. Comput.
Phys. Commun.;id_Phys. Commun.
Int. J. Learn. Anal. Artif. Intell. Educ.;id_Int. J. Learn. Anal. Artif. Intell. Educ.
Softw. Qual. J.;id_Softw. Qual. J.
Robotics;id_Robotics
J. Integr. Bioinform.;id_J. Integr. Bioinform.
Int. J. Document Anal. Recognit.;id_Int. J. Document Anal. Recognit.
Comput. Sci.;id_Comput. Sci.
Int. J. Cyber Ethics Educ.;id_Int. J. Cyber Ethics Educ.
Comput. Aided Des.;id_Comput. Aided Des.
LDV Forum;id_LDV Forum
J. Lang. Technol. Comput. Linguistics;id_J. Lang. Technol. Comput. Linguistics
i-com;id_i-com
J. Inf. Technol. Tour.;id_J. Inf. Technol. Tour.
J. Data Semantics;id_J. Data Semantics
Comput. Aided Civ. Infrastructure Eng.;id_Comput. Aided Civ. Infrastructure Eng.
Comput. Speech Lang.;id_Comput. Speech Lang.
Innov. Syst. Softw. Eng.;id_Innov. Syst. Softw. Eng.
Sci. Iran.;id_Sci. Iran.
Int. J. Heal. Inf. Syst. Informatics;id_Int. J. Heal. Inf. Syst. Informatics
IEEE Trans. Commun.;id_IEEE Trans. Commun.
Theory Pract. Object Syst.;id_Theory Pract. Object Syst.
J. Grid Comput.;id_J. Grid Comput.
IEEE Des. Test Comput.;id_IEEE Des. Test Comput.
IEEE Des. Test;id_IEEE Des. Test
J. Probl. Solving;id_J. Probl. Solving
Res. Pract. Technol. Enhanc. Learn.;id_Res. Pract. Technol. Enhanc. Learn.
Sensors;id_Sensors
Int. J. Intell. Robotics Appl.;id_Int. J. Intell. Robotics Appl.
Int. J. E Bus. Res.;id_Int. J. E Bus. Res.
South Afr. Comput. J.;id_South Afr. Comput. J.
Digit. Appl. Archaeol. Cult. Heritage;id_Digit. Appl. Archaeol. Cult. Heritage
Digit. Humanit. Q.;id_Digit. Humanit. Q.
Arch. Formal Proofs;id_Arch. Formal Proofs
Proc. IEEE;id_Proc. IEEE
Proceedings of the IEEE;id_Proceedings of the IEEE
Found. Trends Priv. Secur.;id_Found. Trends Priv. Secur.
EAI Endorsed Trans. Ind. Networks Intell. Syst.;id_EAI Endorsed Trans. Ind. Networks Intell. Syst.
Br. J. Educ. Technol.;id_Br. J. Educ. Technol.
Comput. Ind. Eng.;id_Comput. Ind. Eng.
IEEE J. Biomed. Health Informatics;id_IEEE J. Biomed. Health Informatics
IEEE Trans. Inf. Technol. Biomed.;id_IEEE Trans. Inf. Technol. Biomed.
J. Inf. Commun. Ethics Soc.;id_J. Inf. Commun. Ethics Soc.
ACM SIGOPS Oper. Syst. Rev.;id_ACM SIGOPS Oper. Syst. Rev.
Peer Peer Netw. Appl.;id_Peer Peer Netw. Appl.
Inf. Softw. Technol.;id_Inf. Softw. Technol.
Information & Software Technology;id_Information & Software Technology
Artif. Intell. Res.;id_Artif. Intell. Res.
Commun. Res.;id_Commun. Res.
PLoS Comput. Biol.;id_PLoS Comput. Biol.
J. Inf. Technol. Educ.;id_J. Inf. Technol. Educ.
Int. J. Comput. Eng. Sci.;id_Int. J. Comput. Eng. Sci.
RAIRO Theor. Informatics Appl.;id_RAIRO Theor. Informatics Appl.
Int. J. Next Gener. Comput.;id_Int. J. Next Gener. Comput.
Int. J. Appl. Metaheuristic Comput.;id_Int. J. Appl. Metaheuristic Comput.
Rev. Symb. Log.;id_Rev. Symb. Log.
Int. J. Intell. Inf. Process.;id_Int. J. Intell. Inf. Process.
Contributions Discret. Math.;id_Contributions Discret. Math.
J. Inf. Technol.;id_J. Inf. Technol.
J. Sched.;id_J. Sched.
J. Syst. Inf. Technol.;id_J. Syst. Inf. Technol.
J. Comput. Geom.;id_J. Comput. Geom.
Int. J. Web Eng. Technol.;id_Int. J. Web Eng. Technol.
Comput. Educ.;id_Comput. Educ.
Commun. Nonlinear Sci. Numer. Simul.;id_Commun. Nonlinear Sci. Numer. Simul.
Int. J. Decis. Support Syst. Technol.;id_Int. J. Decis. Support Syst. Technol.
Webology;id_Webology
J. Information Security;id_J. Information Security
Int. J. Fuzzy Log. Intell. Syst.;id_Int. J. Fuzzy Log. Intell. Syst.
Hist. Comput.;id_Hist. Comput.
J. Cheminformatics;id_J. Cheminformatics
Int. J. Mach. Learn. Cybern.;id_Int. J. Mach. Learn. Cybern.
J. Mobile Multimedia;id_J. Mobile Multimedia
Int. J. Metadata Semant. Ontologies;id_Int. J. Metadata Semant. Ontologies
Int. J. Comput. Geom. Appl.;id_Int. J. Comput. Geom. Appl.
Inf. Polity;id_Inf. Polity
Interact. Comput.;id_Interact. Comput.
EAI Endorsed Trans. Mob. Commun. Appl.;id_EAI Endorsed Trans. Mob. Commun. Appl.
Games Econ. Behav.;id_Games Econ. Behav.
IEEE Trans. Control. Netw. Syst.;id_IEEE Trans. Control. Netw. Syst.
Int. J. Comput. Aided Eng. Technol.;id_Int. J. Comput. Aided Eng. Technol.
IET Signal Process.;id_IET Signal Process.
J. Autom. Reason.;id_J. Autom. Reason.
Found. Trends Optim.;id_Found. Trends Optim.
Int. J. Model. Identif. Control.;id_Int. J. Model. Identif. Control.
Int. J. Rough Sets Data Anal.;id_Int. J. Rough Sets Data Anal.
J. Log. Anal.;id_J. Log. Anal.
Log. Anal.;id_Log. Anal.
Int. J. Data Min. Bioinform.;id_Int. J. Data Min. Bioinform.
J. Biomed. Informatics;id_J. Biomed. Informatics
Comput. Biomed. Res.;id_Comput. Biomed. Res.
Signal Process. Image Commun.;id_Signal Process. Image Commun.
Random Struct. Algorithms;id_Random Struct. Algorithms
Stat. Methods Appl.;id_Stat. Methods Appl.
SIAM J. Appl. Math.;id_SIAM J. Appl. Math.
SIAM Journal of Applied Mathematics;id_SIAM Journal of Applied Mathematics
Frontiers Neurorobotics;id_Frontiers Neurorobotics
Frontiers Comput. Sci. China;id_Frontiers Comput. Sci. China
IEEE Trans. Fuzzy Syst.;id_IEEE Trans. Fuzzy Syst.
J. Log. Comput.;id_J. Log. Comput.
Int. J. Web Based Communities;id_Int. J. Web Based Communities
Adv. Artif. Neural Syst.;id_Adv. Artif. Neural Syst.
User Model. User Adapt. Interact.;id_User Model. User Adapt. Interact.
Comput. Hum. Behav.;id_Comput. Hum. Behav.
Int. J. E Serv. Mob. Appl.;id_Int. J. E Serv. Mob. Appl.
Aust. J. Intell. Inf. Process. Syst.;id_Aust. J. Intell. Inf. Process. Syst.
Informationstechnik Tech. Inform.;id_Informationstechnik Tech. Inform.
Elektron. Rechenanlagen;id_Elektron. Rechenanlagen
it Inf. Technol.;id_it Inf. Technol.
Bull. Acad. Pol. des Sci. Ser. Sci. Math. Astron. Phys.;id_Bull. Acad. Pol. des Sci. Ser. Sci. Math. Astron. Phys.
Data Sci. J.;id_Data Sci. J.
Artif. Intell. Law;id_Artif. Intell. Law
Int. J. Grid High Perform. Comput.;id_Int. J. Grid High Perform. Comput.
Algorithms;id_Algorithms
Found. Trends Inf. Syst.;id_Found. Trends Inf. Syst.
IEEE Technol. Soc. Mag.;id_IEEE Technol. Soc. Mag.
Found. Trends Technol. Inf. Oper. Manag.;id_Found. Trends Technol. Inf. Oper. Manag.
Int. J. Robotics Res.;id_Int. J. Robotics Res.
Comput. Methods Programs Biomed.;id_Comput. Methods Programs Biomed.
Neural Networks;id_Neural Networks
Int. J. Simul. Process. Model.;id_Int. J. Simul. Process. Model.
Digit. Libr. Perspect.;id_Digit. Libr. Perspect.
OCLC Syst. Serv.;id_OCLC Syst. Serv.
Comput. methods Biomech. Biomed. Eng. Imaging Vis.;id_Comput. methods Biomech. Biomed. Eng. Imaging Vis.
Nat. Comput.;id_Nat. Comput.
Int. J. Digit. Earth;id_Int. J. Digit. Earth
Comput. Music. J.;id_Comput. Music. J.
Sci. Comput. Program.;id_Sci. Comput. Program.
J. Symb. Comput.;id_J. Symb. Comput.
Syst. Control. Lett.;id_Syst. Control. Lett.
Theory Pract. Log. Program.;id_Theory Pract. Log. Program.
Arch. Math. Log.;id_Arch. Math. Log.
计算机科学;id_计算机科学
Discret. Comput. Geom.;id_Discret. Comput. Geom.
Control. Intell. Syst.;id_Control. Intell. Syst.
Mechatron. Syst. Control.;id_Mechatron. Syst. Control.
Int. J. Learn. Technol.;id_Int. J. Learn. Technol.
J. Cybersecur.;id_J. Cybersecur.
Formal Aspects Comput.;id_Formal Aspects Comput.
Stat. Anal. Data Min.;id_Stat. Anal. Data Min.
Int. J. Appl. Decis. Sci.;id_Int. J. Appl. Decis. Sci.
Cybersecur.;id_Cybersecur.
Int. J. Math. Oper. Res.;id_Int. J. Math. Oper. Res.
J. Decis. Syst.;id_J. Decis. Syst.
IEEE Expert;id_IEEE Expert
IEEE Intell. Syst.;id_IEEE Intell. Syst.
Int. J. Reason. based Intell. Syst.;id_Int. J. Reason. based Intell. Syst.
J. ICT Dev. Appl. Res.;id_J. ICT Dev. Appl. Res.
ACM Trans. Comput. Heal.;id_ACM Trans. Comput. Heal.
Networks;id_Networks
Int. J. Comput. Vis.;id_Int. J. Comput. Vis.
Int. J. Internet Enterp. Manag.;id_Int. J. Internet Enterp. Manag.
ReCALL;id_ReCALL
J. Comput. Methods Sci. Eng.;id_J. Comput. Methods Sci. Eng.
Int. J. Softw. Sci. Comput. Intell.;id_Int. J. Softw. Sci. Comput. Intell.
Int. J. Electron. Heal.;id_Int. J. Electron. Heal.
Complex.;id_Complex.
Int. J. Green Comput.;id_Int. J. Green Comput.
Kognitionswissenschaft;id_Kognitionswissenschaft
J. Comput. Appl. Math.;id_J. Comput. Appl. Math.
IEEE Trans. Big Data;id_IEEE Trans. Big Data
J. Syst. Integr.;id_J. Syst. Integr.
Int. J. Virtual Pers. Learn. Environ.;id_Int. J. Virtual Pers. Learn. Environ.
J. Inf. Technol. Manag.;id_J. Inf. Technol. Manag.
Int. J. Comput. Intell. Appl.;id_Int. J. Comput. Intell. Appl.
Int. J. Account. Inf. Syst.;id_Int. J. Account. Inf. Syst.
Int. Trans. Syst. Sci. Appl.;id_Int. Trans. Syst. Sci. Appl.
Telecommun. Syst.;id_Telecommun. Syst.
Int. J. Comput. Appl. Technol.;id_Int. J. Comput. Appl. Technol.
Intell. Inf. Manag.;id_Intell. Inf. Manag.
Int. J. Interoperability Bus. Inf. Syst.;id_Int. J. Interoperability Bus. Inf. Syst.
BMC Syst. Biol.;id_BMC Syst. Biol.
J. Inf. Process. Syst.;id_J. Inf. Process. Syst.
Int. J. Distance Educ. Technol.;id_Int. J. Distance Educ. Technol.
Sci. J. Riga Tech. Univ. Ser. Comput. Sci.;id_Sci. J. Riga Tech. Univ. Ser. Comput. Sci.
Int. J. Intell. Mechatronics Robotics;id_Int. J. Intell. Mechatronics Robotics
Int. J. Comput. Their Appl.;id_Int. J. Comput. Their Appl.
IET Comput. Vis.;id_IET Comput. Vis.
Int. J. Inf. Comput. Secur.;id_Int. J. Inf. Comput. Secur.
Robotersysteme;id_Robotersysteme
XRDS;id_XRDS
ACM Crossroads;id_ACM Crossroads
EPJ Data Sci.;id_EPJ Data Sci.
Artif. Intell. Eng. Des. Anal. Manuf.;id_Artif. Intell. Eng. Des. Anal. Manuf.
e Minds Int. J. Hum. Comput. Interact.;id_e Minds Int. J. Hum. Comput. Interact.
IEEE Trans Autom. Sci. Eng.;id_IEEE Trans Autom. Sci. Eng.
Inf. Fusion;id_Inf. Fusion
Int. J. Data Sci. Anal.;id_Int. J. Data Sci. Anal.
Int. J. Adv. Corp. Learn.;id_Int. J. Adv. Corp. Learn.
Data Intell.;id_Data Intell.
J. Robotics Netw. Artif. Life;id_J. Robotics Netw. Artif. Life
Environ. Model. Softw.;id_Environ. Model. Softw.
ACM Trans. Program. Lang. Syst.;id_ACM Trans. Program. Lang. Syst.
IBM Syst. J.;id_IBM Syst. J.
SIGKDD Explor.;id_SIGKDD Explor.
Comput. Environ. Urban Syst.;id_Comput. Environ. Urban Syst.
J. Funct. Program.;id_J. Funct. Program.
Log. J. IGPL;id_Log. J. IGPL
Bull. IGPL;id_Bull. IGPL
Clust. Comput.;id_Clust. Comput.
Arch. Mus. Informatics;id_Arch. Mus. Informatics
ACM Queue;id_ACM Queue
Int. J. Game Theory;id_Int. J. Game Theory
Inf. Control.;id_Inf. Control.
Inf. Comput.;id_Inf. Comput.
AIS Trans. Replication Res.;id_AIS Trans. Replication Res.
IEEE Trans. Circuits Syst. I Regul. Pap.;id_IEEE Trans. Circuits Syst. I Regul. Pap.
IEEE Trans. Circuits Syst.;id_IEEE Trans. Circuits Syst.
IEEE Trans. Circuits Syst. I Fundam. Theory Appl.;id_IEEE Trans. Circuits Syst. I Fundam. Theory Appl.
IEEE Trans. on Circuits and Systems;id_IEEE Trans. on Circuits and Systems
IEEE Trans. Syst. Sci. Cybern.;id_IEEE Trans. Syst. Sci. Cybern.
J. Comput.;id_J. Comput.
Cyberpsychology Behav. Soc. Netw.;id_Cyberpsychology Behav. Soc. Netw.
Australas. J Comb.;id_Australas. J Comb.
Circuits Syst.;id_Circuits Syst.
Period. Math. Hung.;id_Period. Math. Hung.
Int. J. Nanotechnol. Mol. Comput.;id_Int. J. Nanotechnol. Mol. Comput.
Int. J. Wirel. Opt. Commun.;id_Int. J. Wirel. Opt. Commun.
Online Soc. Networks Media;id_Online Soc. Networks Media
Quantum Inf. Process.;id_Quantum Inf. Process.
J. Adv. Comput. Intell. Intell. Informatics;id_J. Adv. Comput. Intell. Intell. Informatics
Finance Stochastics;id_Finance Stochastics
Robotics Auton. Syst.;id_Robotics Auton. Syst.
Int. J. Robotics Appl. Technol.;id_Int. J. Robotics Appl. Technol.
Vis. Comput.;id_Vis. Comput.
Comput. Graph. Forum;id_Comput. Graph. Forum
Soc. Netw. Anal. Min.;id_Soc. Netw. Anal. Min.
Appl. Netw. Sci.;id_Appl. Netw. Sci.
IEEE Trans. Haptics;id_IEEE Trans. Haptics
Trans. Case Based Reason.;id_Trans. Case Based Reason.
Int. J. Web Sci.;id_Int. J. Web Sci.
ACM Trans. Database Syst.;id_ACM Trans. Database Syst.
ACM SIGACCESS Access. Comput.;id_ACM SIGACCESS Access. Comput.
ACM Trans. Graph.;id_ACM Trans. Graph.
Int. J. Mechatronics Autom.;id_Int. J. Mechatronics Autom.
Int. J. Electron. Bus. Manag.;id_Int. J. Electron. Bus. Manag.
Data Base;id_Data Base
Int. J. Technol. Manag.;id_Int. J. Technol. Manag.
ACM SIGAPL APL Quote Quad;id_ACM SIGAPL APL Quote Quad
Informatica;id_Informatica
J. Inf. Knowl. Manag.;id_J. Inf. Knowl. Manag.
EAI Endorsed Trans. Future Intell. Educ. Environ.;id_EAI Endorsed Trans. Future Intell. Educ. Environ.
J. Lond. Math. Soc.;id_J. Lond. Math. Soc.
Int. J. Syst. Syst. Eng.;id_Int. J. Syst. Syst. Eng.
Comput. J.;id_Comput. J.
Softw. Process. Improv. Pract.;id_Softw. Process. Improv. Pract.
Adv. Comput. Math.;id_Adv. Comput. Math.
Adv. Inf. Sci. Serv. Sci.;id_Adv. Inf. Sci. Serv. Sci.
Frontiers Neuroinformatics;id_Frontiers Neuroinformatics
Quant. Sci. Stud.;id_Quant. Sci. Stud.
Int. J. Soc. Comput. Cyber Phys. Syst.;id_Int. J. Soc. Comput. Cyber Phys. Syst.
Ars Math. Contemp.;id_Ars Math. Contemp.
Softw. Pract. Exp.;id_Softw. Pract. Exp.
Int. J. Autom. Technol.;id_Int. J. Autom. Technol.
IEEE Consumer Electron. Mag.;id_IEEE Consumer Electron. Mag.
Int. J. 3 D Inf. Model.;id_Int. J. 3 D Inf. Model.
IEEE Trans. Neural Networks;id_IEEE Trans. Neural Networks
IEEE Trans. Neural Networks Learn. Syst.;id_IEEE Trans. Neural Networks Learn. Syst.
J. Math. Imaging Vis.;id_J. Math. Imaging Vis.
AT&T Tech. J.;id_AT&T Tech. J.
Bell Syst. Tech. J.;id_Bell Syst. Tech. J.
AT&T Bell Lab. Tech. J.;id_AT&T Bell Lab. Tech. J.
Adapt. Behav.;id_Adapt. Behav.
Probl. Inf. Transm.;id_Probl. Inf. Transm.
Ubiquity;id_Ubiquity
New Math. Nat. Comput.;id_New Math. Nat. Comput.
Virtual Real. Intell. Hardw.;id_Virtual Real. Intell. Hardw.
Int. J. Inf. Decis. Sci.;id_Int. J. Inf. Decis. Sci.
ACM Trans. Internet Techn.;id_ACM Trans. Internet Techn.
Stud. Inform. Univ.;id_Stud. Inform. Univ.
J. Inf. Telecommun.;id_J. Inf. Telecommun.
Comput. Sci. Educ.;id_Comput. Sci. Educ.
IEICE Electron. Express;id_IEICE Electron. Express
IEICE Electronic Express;id_IEICE Electronic Express
J. Serv. Sci. Res.;id_J. Serv. Sci. Res.
Mob. Inf. Syst.;id_Mob. Inf. Syst.
Ann. des Télécommunications;id_Ann. des Télécommunications
Comput. Intell.;id_Comput. Intell.
Found. Trends Inf. Retr.;id_Found. Trends Inf. Retr.
J. Algorithms;id_J. Algorithms
Int. J. Cyber Behav. Psychol. Learn.;id_Int. J. Cyber Behav. Psychol. Learn.
Int. J. Interdiscip. Telecommun. Netw.;id_Int. J. Interdiscip. Telecommun. Netw.
IEEE Trans. Dependable Secur. Comput.;id_IEEE Trans. Dependable Secur. Comput.
J. Comput. Biol.;id_J. Comput. Biol.
J. Comb. Optim.;id_J. Comb. Optim.
Virtual Real.;id_Virtual Real.
Int. J. Technoethics;id_Int. J. Technoethics
Int. J. Soc. Netw. Min.;id_Int. J. Soc. Netw. Min.
J. Graph. Tools;id_J. Graph. Tools
J. Graphics, GPU, & Game Tools;id_J. Graphics, GPU, & Game Tools
J. Math. Cryptol.;id_J. Math. Cryptol.
EURASIP J. Adv. Signal Process.;id_EURASIP J. Adv. Signal Process.
SIGCAS Comput. Soc.;id_SIGCAS Comput. Soc.
Journal of Information, Law and Technology;id_Journal of Information, Law and Technology
Eur. J. Law Technol.;id_Eur. J. Law Technol.
Int. J. High Perform. Comput. Netw.;id_Int. J. High Perform. Comput. Netw.
J. Manag. Inf. Syst.;id_J. Manag. Inf. Syst.
J. Syst. Archit.;id_J. Syst. Archit.
Microprocess. Microprogramming;id_Microprocess. Microprogramming
SIAM J. Imaging Sci.;id_SIAM J. Imaging Sci.
Fuzzy Optim. Decis. Mak.;id_Fuzzy Optim. Decis. Mak.
Netw. Sci.;id_Netw. Sci.
Inf. Technol. Manag.;id_Inf. Technol. Manag.
Int. J. Comput. Intell. Syst.;id_Int. J. Comput. Intell. Syst.
e Informatica Softw. Eng. J.;id_e Informatica Softw. Eng. J.
Proc. Meet. Acoust.;id_Proc. Meet. Acoust.
BMC Medical Imaging;id_BMC Medical Imaging
Inf. Syst. Frontiers;id_Inf. Syst. Frontiers
J. Inf. Syst. Educ.;id_J. Inf. Syst. Educ.
Int. J. Data Warehous. Min.;id_Int. J. Data Warehous. Min.
IEEE Distributed Syst. Online;id_IEEE Distributed Syst. Online
Netw. Model. Anal. Health Informatics Bioinform.;id_Netw. Model. Anal. Health Informatics Bioinform.
IEEE Trans. Image Process.;id_IEEE Trans. Image Process.
Transp. Sci.;id_Transp. Sci.
Int. J. Softw. Eng. Knowl. Eng.;id_Int. J. Softw. Eng. Knowl. Eng.
Mach. Vis. Appl.;id_Mach. Vis. Appl.
Computing;id_Computing
SIAM J. Comput.;id_SIAM J. Comput.
Int. J. Synth. Emot.;id_Int. J. Synth. Emot.
Int. J. Netw. Virtual Organisations;id_Int. J. Netw. Virtual Organisations
Systems and Computers in Japan;id_Systems and Computers in Japan
Central Eur. J. Comput. Sci.;id_Central Eur. J. Comput. Sci.
Open Comput. Sci.;id_Open Comput. Sci.
Nat.;id_Nat.
IEEE Robotics Autom. Mag.;id_IEEE Robotics Autom. Mag.
J. Comput. High. Educ.;id_J. Comput. High. Educ.
IEEE Commun. Lett.;id_IEEE Commun. Lett.
J. Medical Robotics Res.;id_J. Medical Robotics Res.
J. Chin. Lang. Comput.;id_J. Chin. Lang. Comput.
Int. J. Asian Lang. Process.;id_Int. J. Asian Lang. Process.
Int. J. Agent Technol. Syst.;id_Int. J. Agent Technol. Syst.
IACR Trans. Symmetric Cryptol.;id_IACR Trans. Symmetric Cryptol.
VLDB J.;id_VLDB J.
IEEE ACM Trans. Audio Speech Lang. Process.;id_IEEE ACM Trans. Audio Speech Lang. Process.
IEEE Trans. Speech Audio Process.;id_IEEE Trans. Speech Audio Process.
Softw. Test. Verification Reliab.;id_Softw. Test. Verification Reliab.
J. Graph Theory;id_J. Graph Theory
SIGMOD Record;id_SIGMOD Record